timestamp	round	experiment_id	strategy	stage	decision	improvement_pct	baseline_score	experiment_score	avg_steps	avg_food	peak_length	snake_death_rate	description
2026-03-29T03:41:25.699678	7270	87a4d2ae	radical	6	discard	-0.6093	959.1	374.7	319	124	38	0.976	[radical] S6/APEX_PREDATOR: max_steps: 99999 -> 10000; death_snake: -30 -> -25.865743397588965; enemy_zone_control_reward: 0.0600 -> 0.0493; death_wall: -40 -> -33.053759755059176; enemy_alert_dist: 2000 -> 1751
2026-03-29T03:41:25.699847	7270	d7eb413d	explore	5	discard	-0.6031	959.1	380.7	323	127	41	0.988	[explore] S5/MASTERY_SURVIVAL: death_snake: -50 -> -57.592492888353505; enemy_alert_dist: 2000 -> 1639; mass_loss_penalty: 6.0000 -> 6.6129
2026-03-29T03:41:25.699915	7270	d5bf7f15	tweak	6	discard	-0.6325	959.1	352.5	295	125	41	0.992	[tweak] S6/APEX_PREDATOR: enemy_zone_control_reward: 0.0600 -> 0.0645
2026-03-29T03:41:25.699967	7270	d8ee1877	radical	4	discard	-0.5994	959.1	384.2	326	131	39	0.916	[radical] S4/MASS_MANAGEMENT: death_snake: -50 -> -37.885784361432904; death_wall: -35 -> -37.822829096526426; survival: 0.2000 -> 0.1147; food_reward: 8.0000 -> 6.5414; enemy_alert_dist: 2000 -> 2512
2026-03-29T10:33:48.869199	7272	87748fd2	explore	1	discard	0.0012	959.1	960.3	849	285	52	0.920	[explore] S1/FOOD_VECTOR: wall_proximity_penalty: 0.3000 -> 0.3082; death_snake: -15 -> -14.108304884891801; death_wall: -15 -> -11.361679369000303
2026-03-29T10:33:48.870114	7272	0286a102	tweak	5	discard	-0.1775	959.1	788.8	701	219	46	0.964	[tweak] S5/MASTERY_SURVIVAL: survival: 0.3000 -> 0.3339
2026-03-29T10:33:48.870185	7272	3962c96a	radical	4	discard	-0.0365	959.1	924.1	816	275	52	0.940	[radical] S4/MASS_MANAGEMENT: survival: 0.2000 -> 0.2571; food_reward: 8.0000 -> 6.7019; death_snake: -50 -> -54.878801690295305; gamma: 0.9700 -> 0.9526; enemy_proximity_penalty: 1.2000 -> 1.5046
2026-03-29T10:33:48.870237	7272	6bbd3044	tweak	4	discard	0.0044	959.1	963.3	852	286	52	0.920	[tweak] S4/MASS_MANAGEMENT: max_steps: 2000 -> 1885
2026-03-29T11:45:20.163055	7273	1dfe574d	tweak	6	discard	-0.0109	959.1	948.7	839	282	52	0.924	[tweak] S6/APEX_PREDATOR: survival: 0.1000 -> 0.1035
2026-03-29T11:45:20.163226	7273	08437376	radical	5	discard	-0.0875	959.1	875.2	774	255	50	0.952	[radical] S5/MASTERY_SURVIVAL: enemy_zone_control_reward: 0.0500 -> 0.0318; starvation_penalty: 0.0150 -> 0.0149; death_snake: -50 -> -32.71754803586123; enemy_proximity_penalty: 1.0000 -> 1.3851; length_bonus: 0.0500 -> 0.0763
2026-03-29T11:45:20.163519	7273	3edb6052	explore	4	discard	-0.0692	959.1	892.8	790	260	51	0.948	[explore] S4/MASS_MANAGEMENT: enemy_alert_dist: 2000 -> 2163; enemy_proximity_penalty: 1.2000 -> 1.3198; death_snake: -50 -> -61.138765952266375
2026-03-29T11:45:20.163582	7273	249b82bd	tweak	1	discard	-0.0092	959.1	950.3	840	282	52	0.924	[tweak] S1/FOOD_VECTOR: wall_proximity_penalty: 0.3000 -> 0.2533
2026-03-29T12:08:27.110191	7274	55b505a1	tweak	3	discard	-0.0558	959.1	905.6	799	271	51	0.940	[tweak] S3/ENEMY_AVOID: enemy_proximity_penalty: 1.5000 -> 1.3018
2026-03-29T12:08:27.110308	7274	0ace4798	radical	6	discard	0.0006	959.1	959.7	849	285	52	0.920	[radical] S6/APEX_PREDATOR: enemy_proximity_penalty: 0.1500 -> 0.1909; survival: 0.1000 -> 0.1048; enemy_alert_dist: 2000 -> 2349; death_wall: -40 -> -54.26872596179349; boost_penalty: 0.0000 -> 1.0201
2026-03-29T12:08:27.110371	7274	534b7b2e	explore	5	discard	-0.0010	959.1	958.2	847	285	52	0.920	[explore] S5/MASTERY_SURVIVAL: gamma: 0.9700 -> 0.9709; food_shaping: 0.2500 -> 0.2504; enemy_proximity_penalty: 1.0000 -> 1.1791
2026-03-29T12:08:27.110430	7274	41479c27	tweak	4	discard	-0.0480	959.1	913.1	806	273	51	0.940	[tweak] S4/MASS_MANAGEMENT: max_steps: 2000 -> 1812
2026-03-29T13:04:18.329379	7275	13cc93c4	explore	5	discard	-0.0008	959.1	958.4	848	284	52	0.920	[explore] S5/MASTERY_SURVIVAL: kill_opportunity_reward: 15.0000 -> 9.4162; death_wall: -45 -> -36.687583934893524; enemy_proximity_penalty: 1.0000 -> 1.0482
2026-03-29T13:04:18.330295	7275	74499c91	radical	4	discard	-0.0472	959.1	913.8	808	269	51	0.944	[radical] S4/MASS_MANAGEMENT: death_wall: -35 -> -31.604874816644916; length_bonus: 0.0200 -> 0.0057; boost_penalty: 4.0000 -> 4.9161; enemy_proximity_penalty: 1.2000 -> 0.5751; enemy_approach_penalty: 0.8000 -> 0.8779
2026-03-29T13:04:18.330380	7275	cb02fd57	tweak	1	discard	-0.0508	959.1	910.4	804	271	51	0.944	[tweak] S1/FOOD_VECTOR: gamma: 0.8500 -> 0.8606
2026-03-29T13:04:18.330434	7275	1a2192ba	tweak	5	discard	-0.0525	959.1	908.7	803	270	51	0.944	[tweak] S5/MASTERY_SURVIVAL: starvation_penalty: 0.0150 -> 0.0155
2026-03-29T13:55:17.170501	7276	90f5d525	explore	1	discard	-0.0648	959.1	897.0	792	268	51	0.944	[explore] S1/FOOD_VECTOR: food_reward: 3.0000 -> 3.3528; wall_proximity_penalty: 0.3000 -> 0.3943; gamma: 0.8500 -> 0.8714
2026-03-29T13:55:17.170684	7276	b3a17521	radical	3	discard	-0.0081	959.1	951.3	841	283	52	0.924	[radical] S3/ENEMY_AVOID: enemy_alert_dist: 2000 -> 2366; starvation_grace_steps: 60 -> 61; max_steps: 2000 -> 2037; starvation_penalty: 0.0080 -> 0.0132; food_reward: 5.0000 -> 6.7361
2026-03-29T13:55:17.170966	7276	0fc58184	tweak	1	discard	-0.0147	959.1	945.0	835	282	52	0.928	[tweak] S1/FOOD_VECTOR: gamma: 0.8500 -> 0.8510
2026-03-29T13:55:17.171031	7276	0431526a	radical	3	discard	-0.0665	959.1	895.3	792	262	50	0.940	[radical] S3/ENEMY_AVOID: max_steps: 2000 -> 1975; food_reward: 5.0000 -> 5.2937; death_wall: -40 -> -54.52751541290522; enemy_alert_dist: 2000 -> 2531; starvation_penalty: 0.0080 -> 0.0028
2026-03-29T15:06:46.026845	7277	b3a305a3	explore	2	discard	0.0012	959.1	960.3	849	285	52	0.920	[explore] S2/WALL_AVOID: max_steps: 500 -> 523; wall_proximity_penalty: 1.5000 -> 1.4789; gamma: 0.9300 -> 0.9551
2026-03-29T15:06:46.027013	7277	3cff88a5	tweak	3	discard	-0.0857	959.1	876.9	777	253	50	0.952	[tweak] S3/ENEMY_AVOID: max_steps: 2000 -> 2008
2026-03-29T15:06:46.027073	7277	6b6a6629	radical	5	discard	0.0003	959.1	959.4	849	285	52	0.920	[radical] S5/MASTERY_SURVIVAL: max_steps: 3000 -> 2983; starvation_penalty: 0.0150 -> 0.0067; death_snake: -50 -> -42.22017208087257; death_wall: -45 -> -46.183010990739; enemy_zone_control_reward: 0.0500 -> 0.0242
2026-03-29T15:06:46.027130	7277	3e13fd39	radical	3	discard	0.0021	959.1	961.1	850	286	52	0.920	[radical] S3/ENEMY_AVOID: food_reward: 5.0000 -> 6.2694; enemy_alert_dist: 2000 -> 1951; starvation_penalty: 0.0080 -> 0.0029; death_snake: -40 -> -49.85044464131026; enemy_proximity_penalty: 1.5000 -> 1.5847
2026-03-29T17:37:02.061473	7278	5fcc4ebf	radical	4	discard	0.0037	959.1	962.6	852	286	52	0.920	[radical] S4/MASS_MANAGEMENT: starvation_penalty: 0.1000 -> 0.0730; gamma: 0.9700 -> 0.9668; length_bonus: 0.0200 -> 0.0271; mass_loss_penalty: 6.0000 -> 3.1827; death_snake: -50 -> -65.8462447818112
2026-03-29T17:37:02.062080	7278	860df33d	explore	1	discard	-0.0038	959.1	955.5	845	283	52	0.920	[explore] S1/FOOD_VECTOR: food_shaping: 0.5000 -> 0.3600; gamma: 0.8500 -> 0.8701; death_snake: -15 -> -11.636498496814246
2026-03-29T17:37:02.062166	7278	d144bd08	tweak	4	discard	-0.2016	959.1	765.8	681	211	45	0.968	[tweak] S4/MASS_MANAGEMENT: length_bonus: 0.0200 -> 0.0246
2026-03-29T17:37:02.062237	7278	4cc691ac	explore	4	discard	-0.0022	959.1	957.0	846	284	52	0.920	[explore] S4/MASS_MANAGEMENT: food_shaping: 0.3000 -> 0.2854; gamma: 0.9700 -> 0.9591; enemy_approach_penalty: 0.8000 -> 0.6310
2026-03-29T18:02:56.414784	7279	e298e17e	explore	5	discard	-0.0304	959.1	930.0	822	276	52	0.928	[explore] S5/MASTERY_SURVIVAL: starvation_grace_steps: 100 -> 99; mass_loss_penalty: 6.0000 -> 4.4246; enemy_proximity_penalty: 1.0000 -> 1.3901
2026-03-29T18:02:56.414979	7279	9ee24038	radical	3	discard	-0.0079	959.1	951.6	841	283	52	0.924	[radical] S3/ENEMY_AVOID: enemy_alert_dist: 2000 -> 1888; enemy_approach_penalty: 0.5000 -> 0.5448; death_wall: -40 -> -30.990703830010162; food_reward: 5.0000 -> 4.8800; survival: 0.3000 -> 0.2924
2026-03-29T18:02:56.415050	7279	37168238	tweak	6	discard	-0.0209	959.1	939.1	830	279	52	0.928	[tweak] S6/APEX_PREDATOR: food_reward: 8.0000 -> 7.0977
2026-03-29T18:02:56.415153	7279	64f9f3eb	explore	4	discard	-0.0228	959.1	937.2	828	279	52	0.932	[explore] S4/MASS_MANAGEMENT: food_reward: 8.0000 -> 7.5617; death_wall: -35 -> -42.12364279367196; enemy_proximity_penalty: 1.2000 -> 0.8570
2026-03-29T18:31:45.726954	7280	ace3d02a	tweak	4	discard	0.0000	959.1	959.1	848	285	52	0.920	[tweak] S4/MASS_MANAGEMENT: boost_penalty: 4.0000 -> 4.3959
2026-03-29T18:31:45.727406	7280	cb2d8fe4	radical	1	discard	-0.0565	959.1	904.9	800	267	50	0.944	[radical] S1/FOOD_VECTOR: food_reward: 3.0000 -> 1.7628; wall_proximity_penalty: 0.3000 -> 0.2918; food_shaping: 0.5000 -> 0.2535; max_steps: 600 -> 512; survival: 0.1000 -> 0.0934
2026-03-29T18:31:45.727484	7280	25350e31	explore	5	discard	-0.0177	959.1	942.1	833	280	52	0.928	[explore] S5/MASTERY_SURVIVAL: gamma: 0.9700 -> 0.9560; boost_penalty: 4.0000 -> 2.4739; enemy_zone_control_reward: 0.0500 -> 0.0688
2026-03-29T18:31:45.727546	7280	69845c9c	tweak	4	discard	-0.0107	959.1	948.9	839	281	52	0.928	[tweak] S4/MASS_MANAGEMENT: starvation_penalty: 0.1000 -> 0.1097
2026-03-29T19:27:09.718756	7281	4bac8ba9	explore	4	discard	0.0013	959.1	960.3	849	285	52	0.920	[explore] S4/MASS_MANAGEMENT: survival_escalation: 0.0010 -> 0.0005; max_steps: 2000 -> 1874; wall_proximity_penalty: 0.5000 -> 0.5843
2026-03-29T19:27:09.718928	7281	ab01670b	radical	1	discard	-0.0109	959.1	948.6	839	282	52	0.928	[radical] S1/FOOD_VECTOR: survival: 0.1000 -> 0.0761; death_wall: -15 -> -19.682949224796516; food_shaping: 0.5000 -> 0.2331; wall_proximity_penalty: 0.3000 -> 0.1205; max_steps: 600 -> 433
2026-03-29T19:27:09.719241	7281	ea311a5f	tweak	4	discard	-0.0289	959.1	931.4	825	272	51	0.944	[tweak] S4/MASS_MANAGEMENT: food_shaping: 0.3000 -> 0.2844
2026-03-29T19:27:09.719295	7281	f4fcb55d	tweak	4	discard	-0.0002	959.1	959.0	848	284	52	0.920	[tweak] S4/MASS_MANAGEMENT: death_snake: -50 -> -48.506418950872124
2026-03-29T19:40:25.389268	7282	e1478cab	radical	2	discard	-0.0006	959.1	958.5	848	284	52	0.920	[radical] S2/WALL_AVOID: death_wall: -40 -> -29.291790970366673; survival: 0.3000 -> 0.3323; wall_proximity_penalty: 1.5000 -> 0.8655; survival_escalation: 0.0020 -> 0.0026; max_steps: 500 -> 466
2026-03-29T19:40:25.389397	7282	99e34e13	explore	5	discard	0.0021	959.1	961.2	850	285	52	0.920	[explore] S5/MASTERY_SURVIVAL: food_reward: 8.0000 -> 6.0554; death_wall: -45 -> -35.877657907308404; max_steps: 3000 -> 2525
2026-03-29T19:40:25.389461	7282	8f760aaa	tweak	2	discard	0.0002	959.1	959.3	848	285	52	0.920	[tweak] S2/WALL_AVOID: survival: 0.3000 -> 0.3208
2026-03-29T19:40:25.389512	7282	6db225d3	tweak	2	discard	0.0000	959.1	959.1	848	285	52	0.920	[tweak] S2/WALL_AVOID: survival_escalation: 0.0020 -> 0.0021
2026-03-29T20:44:39.924131	7283	c6a1264a	tweak	1	discard	-0.0391	959.1	921.7	816	270	51	0.944	[tweak] S1/FOOD_VECTOR: survival: 0.1000 -> 0.1029
2026-03-29T20:44:39.924347	7283	5d53111f	radical	6	discard	-0.0028	959.1	956.4	846	284	52	0.920	[radical] S6/APEX_PREDATOR: contest_food_reward: 1.0000 -> 0.5617; enemy_proximity_penalty: 0.1500 -> 0.1033; enemy_zone_control_reward: 0.0600 -> 0.0543; enemy_alert_dist: 2000 -> 2192
2026-03-29T20:44:39.924638	7283	80066d8e	explore	5	discard	-0.0417	959.1	919.2	813	271	52	0.940	[explore] S5/MASTERY_SURVIVAL: mass_loss_penalty: 6.0000 -> 5.0481; max_steps: 3000 -> 2402; death_snake: -50 -> -59.0090754108289
2026-03-29T20:44:39.924696	7283	279b0722	radical	3	discard	-0.0552	959.1	906.2	801	269	51	0.940	[radical] S3/ENEMY_AVOID: gamma: 0.9500 -> 0.9295; enemy_alert_dist: 2000 -> 2454; starvation_penalty: 0.0080 -> 0.0139; boost_penalty: 0.1000 -> 0.0866; enemy_proximity_penalty: 1.5000 -> 1.1533
2026-03-29T21:04:57.203352	7284	159d2937	radical	6	discard	0.0010	959.1	960.1	849	285	52	0.920	[radical] S6/APEX_PREDATOR: max_steps: 99999 -> 10000; enemy_alert_dist: 2000 -> 2231; kill_opportunity_reward: 18.0000 -> 21.8412; gamma: 0.9900 -> 0.9600
2026-03-29T21:04:57.203714	7284	37793755	explore	6	discard	-0.0174	959.1	942.4	833	279	52	0.932	[explore] S6/APEX_PREDATOR: contest_food_reward: 1.0000 -> 1.0919; death_snake: -30 -> -37.229975415170564; enemy_alert_dist: 2000 -> 2121
2026-03-29T21:04:57.203933	7284	adab40e1	tweak	6	discard	0.0000	959.1	959.1	848	285	52	0.920	[tweak] S6/APEX_PREDATOR: enemy_alert_dist: 2000 -> 2161
2026-03-29T21:04:57.204046	7284	df77f209	tweak	4	discard	0.0006	959.1	959.7	849	285	52	0.920	[tweak] S4/MASS_MANAGEMENT: enemy_alert_dist: 2000 -> 2193
2026-03-29T21:41:20.243871	7285	1665e413	tweak	4	discard	-0.0304	959.1	930.0	822	275	51	0.940	[tweak] S4/MASS_MANAGEMENT: enemy_proximity_penalty: 1.2000 -> 1.3640
2026-03-29T21:41:20.243986	7285	4551f345	radical	3	discard	0.0022	959.1	961.2	850	286	52	0.920	[radical] S3/ENEMY_AVOID: food_reward: 5.0000 -> 4.0294; starvation_penalty: 0.0080 -> 0.0066; death_wall: -40 -> -45.81676665604947; death_snake: -40 -> -39.10926599599884; max_steps: 2000 -> 1479
2026-03-29T21:41:20.244355	7285	383958af	explore	2	discard	-0.0313	959.1	929.1	822	274	51	0.940	[explore] S2/WALL_AVOID: max_steps: 500 -> 589; survival: 0.3000 -> 0.2592; death_wall: -40 -> -30.58113869897847
2026-03-29T21:41:20.244432	7285	c8507723	tweak	6	discard	0.0006	959.1	959.7	849	285	52	0.920	[tweak] S6/APEX_PREDATOR: kill_opportunity_reward: 18.0000 -> 18.1113
2026-03-29T22:17:10.132902	7286	cb9d077d	explore	1	discard	-0.0249	959.1	935.2	827	276	51	0.940	[explore] S1/FOOD_VECTOR: death_wall: -15 -> -17.487942926030943; death_snake: -15 -> -15.71392208291325; food_reward: 3.0000 -> 3.5218
2026-03-29T22:17:10.133204	7286	d01df44f	radical	1	discard	-0.0274	959.1	932.8	825	276	51	0.932	[radical] S1/FOOD_VECTOR: survival: 0.1000 -> 0.1383; food_reward: 3.0000 -> 1.8024; wall_proximity_penalty: 0.3000 -> 0.3945; food_shaping: 0.5000 -> 0.6285; max_steps: 600 -> 487
2026-03-29T22:17:10.133278	7286	3e0c4fef	tweak	1	discard	-0.0551	959.1	906.2	801	267	51	0.940	[tweak] S1/FOOD_VECTOR: gamma: 0.8500 -> 0.8417
2026-03-29T22:17:10.133338	7286	c2995138	tweak	2	discard	0.0000	959.1	959.1	848	285	52	0.920	[tweak] S2/WALL_AVOID: death_wall: -40 -> -35.92345448316688
2026-03-29T22:33:41.092342	7287	d85b8e4d	explore	2	discard	0.0013	959.1	960.4	849	285	52	0.920	[explore] S2/WALL_AVOID: wall_proximity_penalty: 1.5000 -> 1.5261; survival_escalation: 0.0020 -> 0.0020; starvation_penalty: 0.0050 -> 0.0030
2026-03-29T22:33:41.092492	7287	f1d1a071	tweak	5	discard	-0.0008	959.1	958.3	848	284	52	0.920	[tweak] S5/MASTERY_SURVIVAL: food_shaping: 0.2500 -> 0.2784
2026-03-29T22:33:41.092834	7287	41782a6c	radical	5	discard	0.0006	959.1	959.7	849	285	52	0.920	[radical] S5/MASTERY_SURVIVAL: enemy_zone_control_reward: 0.0500 -> 0.0456; death_wall: -45 -> -38.422624894405374; starvation_penalty: 0.0150 -> 0.0180; wall_proximity_penalty: 0.3500 -> 0.1577; starvation_grace_steps: 100 -> 132
2026-03-29T22:33:41.092908	7287	b189192b	explore	1	discard	-0.0112	959.1	948.4	838	282	52	0.924	[explore] S1/FOOD_VECTOR: death_wall: -15 -> -15.168237807627444; max_steps: 600 -> 608; death_snake: -15 -> -16.20120541905493
2026-03-29T22:52:13.114894	7289	461e57b9	tweak	5	discard	-0.0063	742.9	738.2	655	206	43	0.901	[tweak] S5/MASTERY_SURVIVAL: max_steps: 3000 -> 2951
2026-03-29T22:52:13.115229	7289	4c14c3bb	radical	6	discard	0.0003	742.9	743.1	660	207	43	0.899	[radical] S6/APEX_PREDATOR: death_wall: -40 -> -52.831103453648794; food_reward: 8.0000 -> 7.9434; death_snake: -30 -> -26.884433728840513; gamma: 0.9900 -> 0.9950; enemy_proximity_penalty: 0.1500 -> 0.1084
2026-03-29T22:52:13.115400	7289	7348a030	explore	3	discard	0.0003	742.9	743.1	660	207	43	0.899	[explore] S3/ENEMY_AVOID: enemy_proximity_penalty: 1.5000 -> 1.1515; max_steps: 2000 -> 1846; starvation_penalty: 0.0080 -> 0.0077
2026-03-29T22:52:13.115482	7289	1ad0f09b	explore	5	discard	0.0010	742.9	743.6	660	207	43	0.899	[explore] S5/MASTERY_SURVIVAL: death_snake: -50 -> -41.36778331560218; starvation_penalty: 0.0150 -> 0.0154; wall_proximity_penalty: 0.3500 -> 0.3679
2026-03-29T23:05:27.411680	7290	d394dad7	explore	1	discard	0.0004	742.9	743.1	660	207	43	0.899	[explore] S1/FOOD_VECTOR: food_shaping: 0.5000 -> 0.3157; survival: 0.1000 -> 0.0905; wall_proximity_penalty: 0.3000 -> 0.4139
2026-03-29T23:05:27.411958	7290	cff4d692	tweak	5	discard	0.0020	742.9	744.3	661	207	43	0.899	[tweak] S5/MASTERY_SURVIVAL: boost_penalty: 4.0000 -> 3.9620
2026-03-29T23:05:27.412159	7290	aab63541	radical	3	discard	0.0003	742.9	743.1	660	207	43	0.899	[radical] S3/ENEMY_AVOID: starvation_penalty: 0.0080 -> 0.0056; death_wall: -40 -> -39.97830015939592; boost_penalty: 0.1000 -> 0.1595; enemy_proximity_penalty: 1.5000 -> 2.0892; survival: 0.3000 -> 0.3055
2026-03-29T23:05:27.412223	7290	1f3ba5b8	radical	5	discard	-0.0001	742.9	742.8	660	207	43	0.899	[radical] S5/MASTERY_SURVIVAL: starvation_grace_steps: 100 -> 110; boost_penalty: 4.0000 -> 5.9009; starvation_penalty: 0.0150 -> 0.0072; length_bonus: 0.0500 -> 0.0520; contest_food_reward: 1.0000 -> 0.6792
2026-03-30T08:59:23.779492	7291	fd830103	radical	3	discard	-0.0458	742.9	708.8	629	197	43	0.914	[radical] S3/ENEMY_AVOID: death_wall: -40 -> -43.96459745718283; starvation_penalty: 0.0080 -> 0.0135; boost_penalty: 0.1000 -> 0.1003; survival: 0.3000 -> 0.3939; enemy_alert_dist: 2000 -> 2223
2026-03-30T08:59:23.779850	7291	eaea557b	tweak	5	discard	-0.0087	742.9	736.4	654	205	43	0.902	[tweak] S5/MASTERY_SURVIVAL: death_wall: -45 -> -42.60747570227988
2026-03-30T08:59:23.779910	7291	843ee23e	explore	2	discard	-0.0332	742.9	718.2	637	201	43	0.910	[explore] S2/WALL_AVOID: survival: 0.3000 -> 0.3115; food_shaping: 0.1500 -> 0.2086; max_steps: 500 -> 553
2026-03-30T08:59:23.779959	7291	4de8efdb	explore	1	discard	-0.0011	742.9	742.0	659	207	43	0.900	[explore] S1/FOOD_VECTOR: death_wall: -15 -> -16.73104410760787; survival: 0.1000 -> 0.1227; gamma: 0.8500 -> 0.8653
2026-03-30T10:15:26.677937	7292	3ac7cb79	explore	1	discard	-0.0379	742.9	714.7	634	200	43	0.912	[explore] S1/FOOD_VECTOR: wall_proximity_penalty: 0.3000 -> 0.1955; survival: 0.1000 -> 0.0783; gamma: 0.8500 -> 0.8708
2026-03-30T10:15:26.678144	7292	bf8207de	radical	1	discard	-0.0148	742.9	731.8	649	204	43	0.906	[radical] S1/FOOD_VECTOR: survival: 0.1000 -> 0.1156; food_reward: 3.0000 -> 3.9193; max_steps: 600 -> 624; food_shaping: 0.5000 -> 0.7751; death_snake: -15 -> -16.37792043532798
2026-03-30T10:15:26.678484	7292	2dce1bfd	tweak	5	discard	0.0006	742.9	743.3	660	207	43	0.899	[tweak] S5/MASTERY_SURVIVAL: death_snake: -50 -> -54.75853576422241
2026-03-30T10:15:26.678555	7292	11459ff0	explore	6	discard	0.0012	742.9	743.8	660	207	43	0.899	[explore] S6/APEX_PREDATOR: max_steps: 99999 -> 10000; contest_food_reward: 1.0000 -> 1.0903; enemy_proximity_penalty: 0.1500 -> 0.1521
2026-03-30T10:48:33.293821	7293	1cfd5f8c	explore	3	discard	-0.0089	742.9	736.3	654	205	43	0.903	[explore] S3/ENEMY_AVOID: food_reward: 5.0000 -> 4.5359; death_wall: -40 -> -40.180616764651504; max_steps: 2000 -> 1783
2026-03-30T10:48:33.293966	7293	2be17681	tweak	2	discard	-0.0094	742.9	735.9	653	205	43	0.903	[tweak] S2/WALL_AVOID: food_reward: 5.0000 -> 4.7936
2026-03-30T10:48:33.294306	7293	5255f3c5	radical	3	discard	0.0011	742.9	743.7	660	207	43	0.899	[radical] S3/ENEMY_AVOID: food_shaping: 0.1000 -> 0.1460; enemy_proximity_penalty: 1.5000 -> 1.2215; death_wall: -40 -> -36.66214108702138; max_steps: 2000 -> 2015; gamma: 0.9500 -> 0.9626
2026-03-30T10:48:33.294358	7293	128dc94d	radical	1	discard	0.0005	742.9	743.3	660	207	43	0.899	[radical] S1/FOOD_VECTOR: food_reward: 3.0000 -> 3.0444; food_shaping: 0.5000 -> 0.3058; death_snake: -15 -> -9.592884571260743; survival: 0.1000 -> 0.0850; gamma: 0.8500 -> 0.8317
2026-03-30T11:13:05.300930	7294	21ae6452	radical	6	discard	-0.0004	742.9	742.6	659	207	43	0.900	[radical] S6/APEX_PREDATOR: survival: 0.1000 -> 0.0593; food_reward: 8.0000 -> 7.3712; kill_opportunity_reward: 18.0000 -> 7.7119; death_snake: -30 -> -33.71676212092414; contest_food_reward: 1.0000 -> 1.0185
2026-03-30T11:13:05.301113	7294	05ffcedc	explore	3	discard	0.0000	742.9	742.9	660	207	43	0.899	[explore] S3/ENEMY_AVOID: food_shaping: 0.1000 -> 0.0757; enemy_alert_dist: 2000 -> 1588; starvation_grace_steps: 60 -> 63
2026-03-30T11:13:05.301454	7294	09558bc8	tweak	6	discard	-0.0010	742.9	742.1	659	207	43	0.899	[tweak] S6/APEX_PREDATOR: survival: 0.1000 -> 0.1080
2026-03-30T11:13:05.301511	7294	55b00490	radical	4	discard	-0.0025	742.9	741.0	658	206	43	0.901	[radical] S4/MASS_MANAGEMENT: food_shaping: 0.3000 -> 0.2927; length_bonus: 0.0200 -> 0.0265; death_snake: -50 -> -41.30613009567226; enemy_proximity_penalty: 1.2000 -> 0.9027; wall_proximity_penalty: 0.5000 -> 0.7824
2026-03-30T11:30:52.335466	7295	d25bb897	radical	4	discard	-0.0067	742.9	737.9	655	206	43	0.901	[radical] S4/MASS_MANAGEMENT: boost_penalty: 4.0000 -> 2.5854; max_steps: 2000 -> 2597; starvation_penalty: 0.1000 -> 0.1152; survival: 0.2000 -> 0.2524; mass_loss_penalty: 6.0000 -> 4.3166
2026-03-30T11:30:52.335656	7295	dd0cfe74	explore	1	discard	0.0002	742.9	743.0	660	207	43	0.899	[explore] S1/FOOD_VECTOR: food_reward: 3.0000 -> 3.3057; gamma: 0.8500 -> 0.8721; max_steps: 600 -> 595
2026-03-30T11:30:52.335946	7295	ffb07a53	tweak	5	discard	0.0004	742.9	743.2	660	207	43	0.899	[tweak] S5/MASTERY_SURVIVAL: wall_proximity_penalty: 0.3500 -> 0.3994
2026-03-30T11:30:52.336017	7295	cb9d83ba	explore	5	discard	-0.0045	742.9	739.6	657	206	43	0.901	[explore] S5/MASTERY_SURVIVAL: length_bonus: 0.0500 -> 0.0389; survival: 0.3000 -> 0.2689; death_wall: -45 -> -52.4995902027556
2026-03-30T12:19:45.713574	7296	283f1263	explore	4	discard	0.0015	742.9	744.0	661	207	43	0.899	[explore] S4/MASS_MANAGEMENT: mass_loss_penalty: 6.0000 -> 6.7676; wall_proximity_penalty: 0.5000 -> 0.5509; food_reward: 8.0000 -> 8.4256
2026-03-30T12:19:45.713769	7296	9711ebfe	radical	4	discard	0.0001	742.9	743.0	660	207	43	0.899	[radical] S4/MASS_MANAGEMENT: max_steps: 2000 -> 1500; wall_proximity_penalty: 0.5000 -> 0.3934; food_shaping: 0.3000 -> 0.2531; death_wall: -35 -> -38.327877311248; mass_loss_penalty: 6.0000 -> 7.0304
2026-03-30T12:19:45.714080	7296	87c42611	tweak	3	discard	-0.0194	742.9	728.4	646	203	43	0.908	[tweak] S3/ENEMY_AVOID: death_wall: -40 -> -44.599910582978154
2026-03-30T12:19:45.714147	7296	7e4f93ce	tweak	4	discard	-0.0025	742.9	741.0	658	207	43	0.901	[tweak] S4/MASS_MANAGEMENT: enemy_approach_penalty: 0.8000 -> 0.8233
2026-03-30T14:43:29.111032	7301	946ce013	tweak	5	keep	0.0626	1.3	1.4	634	199	43	0.914	[tweak] S5/MASTERY_SURVIVAL: survival: 0.3000 -> 0.3323
2026-03-30T14:54:33.037274	7302	6e88c951	explore	5	keep	0.1165	1.3	1.5	661	207	43	0.899	[explore] S5/MASTERY_SURVIVAL: enemy_alert_dist: 2000 -> 2051; mass_loss_penalty: 6.0000 -> 4.9324; starvation_penalty: 0.0150 -> 0.0148
2026-03-30T15:48:10.301950	7304	a215b472	explore	3	discard	-8.5683	0.8	-6.1	662	208	43	0.901	[explore] S3/ENEMY_AVOID: gamma: 0.9500 -> 0.9291; enemy_proximity_penalty: 1.5000 -> 1.6085; death_wall: -40 -> -35.511924104997966
2026-03-30T15:54:14.052995	7306	36df2232	explore	5	keep	0.1142	1.3	1.4	660	207	43	0.899	[explore] S5/MASTERY_SURVIVAL: food_reward: 8.0000 -> 6.8031; survival: 0.3323 -> 0.2493; enemy_proximity_penalty: 1.0000 -> 1.2464
2026-03-31T06:44:15.521882	7308	73c005ed	explore	2	discard	-5.9602	0.8	-4.0	478	151	42	0.779	[explore] S2/WALL_AVOID: food_shaping: 0.1500 -> 0.0965; survival_escalation: 0.0020 -> 0.0013; survival: 0.3000 -> 0.3045
2026-03-31T07:07:05.609277	7309	6b597545	radical	5	keep	0.1118	1.3	1.4	659	206	43	0.901	[radical] S5/MASTERY_SURVIVAL: gamma: 0.9700 -> 0.9770; food_shaping: 0.2500 -> 0.1466; mass_loss_penalty: 4.9324 -> 4.3130; food_reward: 6.8031 -> 4.8231; contest_food_reward: 1.0000 -> 1.6053
2026-03-31T19:37:21.457571	7310	478a3112	explore	1	keep	1.9289	1.0	2.9	495	156	45	0.748	[explore] S1/FOOD_VECTOR: death_wall: -15 -> -13.415340727031698; food_shaping: 0.5000 -> 0.5908; food_reward: 3.0000 -> 3.5666
2026-04-01T08:47:00.211011	7316	214ca9c6	radical	4	keep	0.0934	1.3	1.4	640	201	43	0.912	[radical] S4/MASS_MANAGEMENT: gamma: 0.9700 -> 0.9840; food_shaping: 0.3000 -> 0.1254; survival_escalation: 0.0010 -> 0.0013; boost_penalty: 4.0000 -> 2.7310; survival: 0.2000 -> 0.1366
2026-04-01T08:53:33.835305	7317	5f53c45a	explore	3	discard	-8.7154	0.8	-6.2	639	201	43	0.913	[explore] S3/ENEMY_AVOID: starvation_penalty: 0.0080 -> 0.0114; food_reward: 5.0000 -> 5.6983; enemy_approach_penalty: 0.5000 -> 0.4448
2026-04-01T16:05:03.683801	7318	637d81f5	tweak	2	discard	-4.4135	0.8	-2.7	481	151	43	0.784	[tweak] S2/WALL_AVOID: gamma: 0.9300 -> 0.9399
2026-04-01T18:10:47.883570	7320	3cd8889f	explore	5	keep	0.0720	1.3	1.4	640	201	43	0.912	[explore] S5/MASTERY_SURVIVAL: enemy_zone_control_reward: 0.0500 -> 0.0530; wall_proximity_penalty: 0.3500 -> 0.2890; gamma: 0.9770 -> 0.9950
2026-04-01T18:19:51.900380	7321	64e51d54	explore	5	keep	0.0712	1.3	1.4	640	201	43	0.913	[explore] S5/MASTERY_SURVIVAL: survival_escalation: 0.0005 -> 0.0007; enemy_approach_penalty: 0.4000 -> 0.2451; survival: 0.2493 -> 0.2159
2026-04-01T18:33:10.971825	7322	8839888d	radical	3	discard	-8.7087	0.8	-6.2	640	201	43	0.913	[radical] S3/ENEMY_AVOID: starvation_grace_steps: 60 -> 74; death_wall: -40 -> -28.65784595596653; death_snake: -40 -> -28.72939295568359; enemy_approach_penalty: 0.5000 -> 0.4133; food_shaping: 0.1000 -> 0.0748
2026-04-02T07:03:27.388352	7323	cd73a440	explore	1	keep	2.0788	1.0	3.1	514	160	44	0.710	[explore] S1/FOOD_VECTOR: food_reward: 3.5666 -> 3.8172; death_snake: -15 -> -17.25024613843876; death_wall: -13.4153 -> -12.6749
2026-04-02T19:33:45.709789	7324	37ef05d8	explore	1	keep	1.6689	1.5	4.0	528	154	44	0.519	[explore] S1/FOOD_VECTOR: max_steps: 600 -> 707; death_snake: -17.2502 -> -18.2135; death_wall: -12.6749 -> -13.6020
2026-04-02T23:22:11.833499	7326	6c2ad6cd	explore	3	keep	0.9715	0.8	1.6	533	152	43	0.510	[explore] S3/ENEMY_AVOID: starvation_penalty: 0.0080 -> 0.0089; boost_penalty: 0.1000 -> 0.1151; enemy_alert_dist: 2000 -> 2056
2026-04-03T01:25:08.784582	7327	f546b8a8	explore	4	keep	0.3339	1.3	1.7	530	150	43	0.510	[explore] S4/MASS_MANAGEMENT: enemy_proximity_penalty: 1.2000 -> 1.1924; death_snake: -50 -> -40.742732177312234; survival: 0.1366 -> 0.1186
2026-04-03T02:38:02.422322	7328	f29f5faf	explore	1	keep	0.6662	1.3	2.2	529	150	43	0.508	[explore] S1/FOOD_VECTOR: survival: 0.1000 -> 0.0900; death_wall: -13.6020 -> -16.8357; food_reward: 3.8172 -> 2.9935
2026-04-03T03:02:06.883349	7329	80900275	radical	4	keep	0.3314	1.3	1.7	529	150	43	0.508	[radical] S4/MASS_MANAGEMENT: enemy_approach_penalty: 0.8000 -> 0.6321; starvation_penalty: 0.1000 -> 0.1659; mass_loss_penalty: 6.0000 -> 5.4031; starvation_grace_steps: 20 -> 28; wall_proximity_penalty: 0.5000 -> 0.5504
2026-04-03T05:04:27.719674	7331	730785b2	explore	2	keep	1.1468	1.3	2.8	521	147	43	0.501	[explore] S2/WALL_AVOID: starvation_penalty: 0.0050 -> 0.0074; death_wall: -40 -> -45.86647363718661; gamma: 0.9300 -> 0.9241
2026-04-03T06:13:52.418154	7332	f9071e8d	explore	4	keep	0.2903	1.3	1.7	515	145	43	0.501	[explore] S4/MASS_MANAGEMENT: starvation_penalty: 0.1659 -> 0.0979; survival_escalation: 0.0013 -> 0.0019; wall_proximity_penalty: 0.5504 -> 0.4454
2026-04-03T06:33:34.038212	7334	61b39ea4	tweak	3	keep	4.4142	1.3	7.0	516	146	43	0.501	[tweak] S3/ENEMY_AVOID: enemy_approach_penalty: 0.5000 -> 0.5727
2026-04-03T06:48:08.750267	7336	c36868c0	explore	5	keep	0.1246	1.3	1.5	517	146	43	0.499	[explore] S5/MASTERY_SURVIVAL: survival_escalation: 0.0007 -> 0.0010; contest_food_reward: 1.6053 -> 1.9675; death_snake: -50 -> -48.74716343435445
2026-04-03T13:00:56.038379	7338	b70fa80a	radical	2	keep	1.0716	1.3	2.7	517	146	43	0.499	[radical] S2/WALL_AVOID: death_snake: -20 -> -23.366080800246227; wall_proximity_penalty: 1.5000 -> 2.1109; survival: 0.3000 -> 0.3392; starvation_penalty: 0.0074 -> 0.0035; survival_escalation: 0.0020 -> 0.0027
2026-04-03T13:01:59.550167	7340	dedeaa4a	tweak	2	keep	1.0716	1.3	2.7	517	146	43	0.499	[tweak] S2/WALL_AVOID: max_steps: 500 -> 544
2026-04-03T13:03:03.079420	7342	620969d4	tweak	3	keep	4.2756	1.3	6.9	517	146	43	0.499	[tweak] S3/ENEMY_AVOID: gamma: 0.9500 -> 0.9368
2026-04-03T13:03:06.277482	7343	aa6c0bdf	radical	1	keep	0.6139	1.3	2.1	517	146	43	0.499	[radical] S1/FOOD_VECTOR: food_shaping: 0.5908 -> 0.8420; max_steps: 707 -> 914; gamma: 0.8500 -> 0.8835; death_wall: -16.8357 -> -17.1162; wall_proximity_penalty: 0.3000 -> 0.3848
2026-04-03T13:03:09.455178	7344	5d8acf14	tweak	4	keep	0.2972	1.3	1.7	517	146	43	0.499	[tweak] S4/MASS_MANAGEMENT: food_reward: 8.0000 -> 7.2272
2026-04-03T13:04:12.984527	7346	672fddd0	radical	4	keep	0.2972	1.3	1.7	517	146	43	0.499	[radical] S4/MASS_MANAGEMENT: mass_loss_penalty: 5.4031 -> 6.8331; gamma: 0.9840 -> 0.9950; boost_penalty: 2.7310 -> 4.1315; death_wall: -35 -> -43.676040590400255; enemy_approach_penalty: 0.6321 -> 0.4301
2026-04-03T13:05:16.525753	7348	206cea64	explore	5	keep	0.1219	1.3	1.5	517	146	43	0.499	[explore] S5/MASTERY_SURVIVAL: contest_food_reward: 1.9675 -> 1.1034; gamma: 0.9950 -> 0.9771; max_steps: 3000 -> 3148
2026-04-03T13:05:19.684584	7349	97f78aef	explore	3	keep	4.2756	1.3	6.9	517	146	43	0.499	[explore] S3/ENEMY_AVOID: death_snake: -40 -> -39.59706296492766; enemy_proximity_penalty: 1.5000 -> 1.0073; enemy_alert_dist: 2056 -> 1777
2026-04-03T13:05:22.857854	7350	a5005edb	radical	5	keep	0.1219	1.3	1.5	517	146	43	0.499	[radical] S5/MASTERY_SURVIVAL: enemy_zone_control_reward: 0.0530 -> 0.0840; food_shaping: 0.1466 -> 0.1624; enemy_alert_dist: 2051 -> 1612; death_wall: -45 -> -38.313800614279046; contest_food_reward: 1.1034 -> 1.2074
2026-04-03T13:06:26.391707	7352	56b92185	radical	2	keep	1.0716	1.3	2.7	517	146	43	0.499	[radical] S2/WALL_AVOID: death_snake: -23.3661 -> -24.2518; death_wall: -45.8665 -> -37.3043; max_steps: 544 -> 667; gamma: 0.9241 -> 0.9010; starvation_grace_steps: 80 -> 66
2026-04-03T13:06:29.576110	7353	feb5341f	explore	5	keep	0.1219	1.3	1.5	517	146	43	0.499	[explore] S5/MASTERY_SURVIVAL: mass_loss_penalty: 4.3130 -> 2.8084; death_snake: -48.7472 -> -45.2487; starvation_penalty: 0.0148 -> 0.0184
2026-04-03T13:06:32.745168	7354	46e2eb0e	tweak	3	keep	4.2756	1.3	6.9	517	146	43	0.499	[tweak] S3/ENEMY_AVOID: starvation_penalty: 0.0089 -> 0.0087
2026-04-03T13:06:35.917120	7355	0bd91fc6	explore	1	keep	0.6139	1.3	2.1	517	146	43	0.499	[explore] S1/FOOD_VECTOR: food_shaping: 0.8420 -> 1.0000; wall_proximity_penalty: 0.3848 -> 0.3255; max_steps: 914 -> 814
2026-04-03T13:06:39.089687	7356	1159003e	explore	4	keep	0.2972	1.3	1.7	517	146	43	0.499	[explore] S4/MASS_MANAGEMENT: enemy_proximity_penalty: 1.1924 -> 1.3429; death_wall: -43.6760 -> -39.4100; survival_escalation: 0.0019 -> 0.0024
2026-04-03T13:07:42.629011	7358	6303b28e	tweak	3	keep	4.2756	1.3	6.9	517	146	43	0.499	[tweak] S3/ENEMY_AVOID: food_shaping: 0.1000 -> 0.1044
2026-04-03T13:08:46.172533	7360	ccb3db23	tweak	2	keep	1.0716	1.3	2.7	517	146	43	0.499	[tweak] S2/WALL_AVOID: survival_escalation: 0.0027 -> 0.0028
2026-04-03T13:08:49.338063	7361	090b4cab	explore	2	keep	1.0716	1.3	2.7	517	146	43	0.499	[explore] S2/WALL_AVOID: food_reward: 5.0000 -> 6.3101; food_shaping: 0.1500 -> 0.1278; starvation_grace_steps: 66 -> 84
2026-04-03T13:08:52.513124	7362	c168e3da	tweak	4	keep	0.2972	1.3	1.7	517	146	43	0.499	[tweak] S4/MASS_MANAGEMENT: enemy_approach_penalty: 0.4301 -> 0.4689
2026-04-03T13:09:56.069308	7364	a372bd76	tweak	3	keep	4.2756	1.3	6.9	517	146	43	0.499	[tweak] S3/ENEMY_AVOID: food_shaping: 0.1044 -> 0.0969
2026-04-03T13:10:59.619659	7366	8cde5a00	tweak	3	keep	4.2756	1.3	6.9	517	146	43	0.499	[tweak] S3/ENEMY_AVOID: food_reward: 5.0000 -> 5.3813
2026-04-03T13:11:02.797382	7367	34f0691b	tweak	3	keep	4.2756	1.3	6.9	517	146	43	0.499	[tweak] S3/ENEMY_AVOID: enemy_approach_penalty: 0.5727 -> 0.6131
2026-04-03T13:11:05.989090	7368	6420344b	explore	4	keep	0.2972	1.3	1.7	517	146	43	0.499	[explore] S4/MASS_MANAGEMENT: boost_penalty: 4.1315 -> 2.6337; mass_loss_penalty: 6.8331 -> 4.3770; enemy_approach_penalty: 0.4689 -> 0.2949
2026-04-03T13:11:09.173083	7369	c9806c25	radical	4	keep	0.2972	1.3	1.7	517	146	43	0.499	[radical] S4/MASS_MANAGEMENT: enemy_alert_dist: 2000 -> 2679; length_bonus: 0.0200 -> 0.0274; survival_escalation: 0.0024 -> 0.0026; gamma: 0.9950 -> 0.9581; boost_penalty: 2.6337 -> 4.0837
2026-04-03T13:11:12.341715	7370	b8fcd6b5	explore	5	keep	0.1219	1.3	1.5	517	146	43	0.499	[explore] S5/MASTERY_SURVIVAL: contest_food_reward: 1.2074 -> 1.4541; kill_opportunity_reward: 15.0000 -> 16.7313; length_bonus: 0.0500 -> 0.0626
2026-04-03T13:11:15.491616	7371	b8ebf90f	radical	2	keep	1.0716	1.3	2.7	517	146	43	0.499	[radical] S2/WALL_AVOID: death_snake: -24.2518 -> -29.9932; starvation_grace_steps: 84 -> 70; death_wall: -37.3043 -> -31.5324; max_steps: 667 -> 539; food_reward: 6.3101 -> 6.6560
2026-04-03T13:12:19.045856	7373	4c0df0fc	tweak	1	keep	0.6139	1.3	2.1	517	146	43	0.499	[tweak] S1/FOOD_VECTOR: wall_proximity_penalty: 0.3255 -> 0.3725
2026-04-03T13:12:22.223363	7374	b50b538c	explore	2	keep	1.0716	1.3	2.7	517	146	43	0.499	[explore] S2/WALL_AVOID: death_snake: -29.9932 -> -28.9418; food_reward: 6.6560 -> 6.7987; survival: 0.3392 -> 0.2949
2026-04-03T13:12:25.346602	7375	5975901f	radical	5	keep	0.1219	1.3	1.5	517	146	43	0.499	[radical] S5/MASTERY_SURVIVAL: kill_opportunity_reward: 16.7313 -> 14.0333; food_reward: 4.8231 -> 5.1798; length_bonus: 0.0626 -> 0.0251; enemy_alert_dist: 1612 -> 1580; starvation_grace_steps: 100 -> 112
2026-04-03T13:12:28.537689	7376	173b693e	radical	3	keep	4.2756	1.3	6.9	517	146	43	0.499	[radical] S3/ENEMY_AVOID: starvation_penalty: 0.0087 -> 0.0066; gamma: 0.9368 -> 0.9399; death_wall: -40 -> -25.30177262062398; enemy_approach_penalty: 0.6131 -> 0.7217; death_snake: -39.5971 -> -49.6329
2026-04-03T13:12:31.732715	7377	03ea6c3d	radical	3	keep	4.2756	1.3	6.9	517	146	43	0.499	[radical] S3/ENEMY_AVOID: max_steps: 2000 -> 2371; starvation_penalty: 0.0066 -> 0.0056; boost_penalty: 0.1151 -> 0.1550; food_reward: 5.3813 -> 3.4002; food_shaping: 0.0969 -> 0.0643
2026-04-03T13:12:34.928245	7378	03da74c4	radical	1	keep	0.6139	1.3	2.1	517	146	43	0.499	[radical] S1/FOOD_VECTOR: wall_proximity_penalty: 0.3725 -> 0.1630; gamma: 0.8835 -> 0.8981; survival: 0.0900 -> 0.1205; food_reward: 2.9935 -> 3.5095; death_wall: -17.1162 -> -12.0498
2026-04-03T13:12:38.125167	7379	f52ec11d	explore	1	keep	0.6139	1.3	2.1	517	146	43	0.499	[explore] S1/FOOD_VECTOR: death_wall: -12.0498 -> -13.8731; survival: 0.1205 -> 0.1249; wall_proximity_penalty: 0.1630 -> 0.1693
2026-04-03T13:12:41.347969	7380	6abd7d79	radical	1	keep	0.6139	1.3	2.1	517	146	43	0.499	[radical] S1/FOOD_VECTOR: wall_proximity_penalty: 0.1693 -> 0.1368; food_reward: 3.5095 -> 4.1571; max_steps: 814 -> 825; survival: 0.1249 -> 0.0998
2026-04-03T13:12:44.530424	7381	552a1a36	tweak	1	keep	0.6139	1.3	2.1	517	146	43	0.499	[tweak] S1/FOOD_VECTOR: no effective changes
2026-04-03T13:13:48.239106	7383	7c1fa3c6	tweak	2	keep	1.0716	1.3	2.7	517	146	43	0.499	[tweak] S2/WALL_AVOID: gamma: 0.9010 -> 0.8876
2026-04-03T13:13:51.453638	7384	f0d42c3b	explore	2	keep	1.0716	1.3	2.7	517	146	43	0.499	[explore] S2/WALL_AVOID: starvation_penalty: 0.0035 -> 0.0044; wall_proximity_penalty: 2.1109 -> 2.5409; gamma: 0.8876 -> 0.8930
2026-04-03T13:13:54.671840	7385	2d23747a	explore	1	keep	0.6139	1.3	2.1	517	146	43	0.499	[explore] S1/FOOD_VECTOR: max_steps: 825 -> 761; survival: 0.0998 -> 0.1218; gamma: 0.8981 -> 0.8808
2026-04-03T13:13:57.895134	7386	0edf9b3d	tweak	5	keep	0.1219	1.3	1.5	517	146	43	0.499	[tweak] S5/MASTERY_SURVIVAL: starvation_penalty: 0.0184 -> 0.0159
2026-04-03T13:14:01.131672	7387	37aad8d6	radical	1	keep	0.6139	1.3	2.1	517	146	43	0.499	[radical] S1/FOOD_VECTOR: food_reward: 4.1571 -> 2.9373; wall_proximity_penalty: 0.1368 -> 0.0740; gamma: 0.8808 -> 0.8845; food_shaping: 1.0000 -> 0.7604; death_snake: -18.2135 -> -19.9704
2026-04-03T13:14:04.394822	7388	0b219cd2	radical	1	keep	0.6139	1.3	2.1	517	146	43	0.499	[radical] S1/FOOD_VECTOR: max_steps: 761 -> 686; food_shaping: 0.7604 -> 0.8991; food_reward: 2.9373 -> 4.0947; survival: 0.1218 -> 0.0915; gamma: 0.8845 -> 0.9094
2026-04-03T13:14:07.609407	7389	ec1fafe7	explore	1	keep	0.6139	1.3	2.1	517	146	43	0.499	[explore] S1/FOOD_VECTOR: gamma: 0.9094 -> 0.8987; food_reward: 4.0947 -> 3.7519; death_snake: -19.9704 -> -23.5711
2026-04-03T13:14:10.825232	7390	cd5c71e4	radical	3	keep	4.2756	1.3	6.9	517	146	43	0.499	[radical] S3/ENEMY_AVOID: max_steps: 2371 -> 1944; enemy_proximity_penalty: 1.0073 -> 0.9629; survival: 0.3000 -> 0.2310; food_reward: 3.4002 -> 2.1080; enemy_approach_penalty: 0.7217 -> 0.9845
2026-04-03T13:14:14.051305	7391	ffe62b88	radical	4	keep	0.2972	1.3	1.7	517	146	43	0.499	[radical] S4/MASS_MANAGEMENT: wall_proximity_penalty: 0.4454 -> 0.3768; starvation_grace_steps: 28 -> 21; boost_penalty: 4.0837 -> 2.8739; death_snake: -40.7427 -> -46.1788; death_wall: -39.4100 -> -28.8799
2026-04-03T13:14:17.275228	7392	2ee4ecf3	tweak	5	keep	0.1219	1.3	1.5	517	146	43	0.499	[tweak] S5/MASTERY_SURVIVAL: starvation_grace_steps: 112 -> 98
2026-04-03T13:15:20.827811	7394	47ca4762	radical	3	keep	4.2756	1.3	6.9	517	146	43	0.499	[radical] S3/ENEMY_AVOID: starvation_grace_steps: 60 -> 61; max_steps: 1944 -> 1669; gamma: 0.9399 -> 0.9039; food_reward: 2.1080 -> 3.0062; boost_penalty: 0.1550 -> 0.1448
2026-04-03T13:15:24.059283	7395	edfb6ea6	tweak	3	keep	4.2756	1.3	6.9	517	146	43	0.499	[tweak] S3/ENEMY_AVOID: boost_penalty: 0.1448 -> 0.1475
2026-04-03T13:15:27.288425	7396	282ffa28	radical	5	keep	0.1219	1.3	1.5	517	146	43	0.499	[radical] S5/MASTERY_SURVIVAL: enemy_alert_dist: 1580 -> 2017; food_shaping: 0.1624 -> 0.0735; food_reward: 5.1798 -> 6.4617; enemy_zone_control_reward: 0.0840 -> 0.0636; length_bonus: 0.0251 -> 0.0185
2026-04-03T13:15:30.483177	7397	667bd38b	radical	2	keep	1.0716	1.3	2.7	517	146	43	0.499	[radical] S2/WALL_AVOID: starvation_grace_steps: 70 -> 40; wall_proximity_penalty: 2.5409 -> 2.0404; survival: 0.2949 -> 0.2394; food_shaping: 0.1278 -> 0.0904; starvation_penalty: 0.0044 -> 0.0018
2026-04-03T13:15:33.719041	7398	d8ae7912	radical	4	keep	0.2972	1.3	1.7	517	146	43	0.499	[radical] S4/MASS_MANAGEMENT: starvation_penalty: 0.0979 -> 0.0895; boost_penalty: 2.8739 -> 3.5715; enemy_approach_penalty: 0.2949 -> 0.1336; food_shaping: 0.1254 -> 0.1455; survival: 0.1186 -> 0.1184
2026-04-03T13:15:36.939805	7399	11642a68	radical	1	keep	0.6139	1.3	2.1	517	146	43	0.499	[radical] S1/FOOD_VECTOR: wall_proximity_penalty: 0.0740 -> 0.0551; food_shaping: 0.8991 -> 1.0000; max_steps: 686 -> 650; food_reward: 3.7519 -> 4.8910; death_wall: -13.8731 -> -14.2816
2026-04-03T13:15:40.157406	7400	ceba8084	tweak	2	keep	1.0716	1.3	2.7	517	146	43	0.499	[tweak] S2/WALL_AVOID: death_snake: -28.9418 -> -27.5464
2026-04-03T13:15:43.403630	7401	85313ea4	tweak	3	keep	4.2756	1.3	6.9	517	146	43	0.499	[tweak] S3/ENEMY_AVOID: max_steps: 1669 -> 1642
2026-04-03T13:16:46.990918	7403	0b885f71	radical	1	keep	0.6139	1.3	2.1	517	146	43	0.499	[radical] S1/FOOD_VECTOR: max_steps: 650 -> 634; death_snake: -23.5711 -> -17.1304; gamma: 0.8987 -> 0.8778; survival: 0.0915 -> 0.1006
2026-04-03T13:16:50.215538	7404	2eb5d4be	tweak	2	keep	1.0716	1.3	2.7	517	146	43	0.499	[tweak] S2/WALL_AVOID: food_reward: 6.7987 -> 6.5809
2026-04-03T13:16:53.428366	7405	52a61ac4	tweak	2	keep	1.0716	1.3	2.7	517	146	43	0.499	[tweak] S2/WALL_AVOID: death_wall: -31.5324 -> -33.9545
2026-04-03T13:16:56.658663	7406	3350687a	radical	4	keep	0.2972	1.3	1.7	517	146	43	0.499	[radical] S4/MASS_MANAGEMENT: wall_proximity_penalty: 0.3768 -> 0.2953; length_bonus: 0.0274 -> 0.0464; food_reward: 7.2272 -> 7.5006; boost_penalty: 3.5715 -> 4.8214; survival_escalation: 0.0026 -> 0.0042
2026-04-03T13:16:59.878758	7407	49697318	tweak	3	keep	4.2756	1.3	6.9	517	146	43	0.499	[tweak] S3/ENEMY_AVOID: enemy_proximity_penalty: 0.9629 -> 0.9430
2026-04-03T13:17:03.080120	7408	fd787a5b	explore	2	keep	1.0716	1.3	2.7	517	146	43	0.499	[explore] S2/WALL_AVOID: gamma: 0.8930 -> 0.9128; food_shaping: 0.0904 -> 0.0802; max_steps: 539 -> 618
2026-04-03T13:17:06.312300	7409	4dfb2600	radical	1	keep	0.6139	1.3	2.1	517	146	43	0.499	[radical] S1/FOOD_VECTOR: food_shaping: 1.0000 -> 0.6386; death_snake: -17.1304 -> -15.7905; max_steps: 634 -> 603; gamma: 0.8778 -> 0.8671; survival: 0.1006 -> 0.0679
2026-04-03T13:17:09.516076	7410	bd705908	tweak	3	keep	4.2756	1.3	6.9	517	146	43	0.499	[tweak] S3/ENEMY_AVOID: enemy_approach_penalty: 0.9845 -> 0.8701
2026-04-03T13:17:12.742956	7411	b6337099	explore	5	keep	0.1219	1.3	1.5	517	146	43	0.499	[explore] S5/MASTERY_SURVIVAL: death_snake: -45.2487 -> -34.6968; length_bonus: 0.0185 -> 0.0150; mass_loss_penalty: 2.8084 -> 2.5222
2026-04-03T13:17:15.983140	7412	fa27892f	explore	1	keep	0.6139	1.3	2.1	517	146	43	0.499	[explore] S1/FOOD_VECTOR: food_reward: 4.8910 -> 4.6946; max_steps: 603 -> 593; food_shaping: 0.6386 -> 0.7446
2026-04-03T13:17:19.234800	7413	bf1c7e8c	explore	1	keep	0.6139	1.3	2.1	517	146	43	0.499	[explore] S1/FOOD_VECTOR: death_wall: -14.2816 -> -12.5598; death_snake: -15.7905 -> -16.4544; max_steps: 593 -> 508
2026-04-03T13:17:22.466049	7414	b23902cd	explore	5	keep	0.1219	1.3	1.5	517	146	43	0.499	[explore] S5/MASTERY_SURVIVAL: max_steps: 3148 -> 3245; contest_food_reward: 1.4541 -> 1.3885; survival: 0.2159 -> 0.1905
2026-04-03T13:17:25.679889	7415	1d1df198	tweak	4	keep	0.2972	1.3	1.7	517	146	43	0.499	[tweak] S4/MASS_MANAGEMENT: boost_penalty: 4.8214 -> 4.6237
2026-04-03T13:17:28.911721	7416	7a31967e	radical	5	keep	0.1219	1.3	1.5	517	146	43	0.499	[radical] S5/MASTERY_SURVIVAL: contest_food_reward: 1.3885 -> 2.2233; enemy_approach_penalty: 0.2451 -> 0.3013; kill_opportunity_reward: 14.0333 -> 7.5471; enemy_proximity_penalty: 1.2464 -> 0.8289; survival: 0.1905 -> 0.1724
2026-04-03T13:18:32.469291	7418	16c31bd2	tweak	5	keep	0.1219	1.3	1.5	517	146	43	0.499	[tweak] S5/MASTERY_SURVIVAL: death_wall: -38.3138 -> -39.0890
2026-04-03T13:18:35.685374	7419	3557223e	explore	5	keep	0.1219	1.3	1.5	517	146	43	0.499	[explore] S5/MASTERY_SURVIVAL: enemy_alert_dist: 2017 -> 1795; enemy_approach_penalty: 0.3013 -> 0.2622; death_snake: -34.6968 -> -33.2505
2026-04-03T13:18:38.926864	7420	9819ae43	explore	4	keep	0.2972	1.3	1.7	517	146	43	0.499	[explore] S4/MASS_MANAGEMENT: mass_loss_penalty: 4.3770 -> 3.3638; length_bonus: 0.0464 -> 0.0646; boost_penalty: 4.6237 -> 4.6212
2026-04-03T13:19:42.534388	7422	f7d34bd7	explore	5	keep	0.1219	1.3	1.5	517	146	43	0.499	[explore] S5/MASTERY_SURVIVAL: death_snake: -33.2505 -> -27.9023; food_reward: 6.4617 -> 5.4004; wall_proximity_penalty: 0.2890 -> 0.2662
2026-04-03T13:20:46.122079	7424	724d2e6f	tweak	2	keep	1.0716	1.3	2.7	517	146	43	0.499	[tweak] S2/WALL_AVOID: max_steps: 618 -> 666
2026-04-03T13:20:49.362489	7425	13f9545d	explore	5	keep	0.1219	1.3	1.5	517	146	43	0.499	[explore] S5/MASTERY_SURVIVAL: survival_escalation: 0.0010 -> 0.0010; kill_opportunity_reward: 7.5471 -> 6.0313; boost_penalty: 4.0000 -> 5.2071
2026-04-03T13:20:52.603789	7426	44985e33	explore	1	keep	0.6139	1.3	2.1	517	146	43	0.499	[explore] S1/FOOD_VECTOR: food_reward: 4.6946 -> 3.6150; wall_proximity_penalty: 0.0551 -> 0.0572; gamma: 0.8671 -> 0.8792
2026-04-03T13:20:55.826989	7427	f81f3483	explore	5	keep	0.1219	1.3	1.5	517	146	43	0.499	[explore] S5/MASTERY_SURVIVAL: enemy_proximity_penalty: 0.8289 -> 1.0977; food_shaping: 0.0735 -> 0.0927; survival_escalation: 0.0010 -> 0.0012
2026-04-03T13:20:59.049521	7428	1ac42fa7	explore	1	keep	0.6139	1.3	2.1	517	146	43	0.499	[explore] S1/FOOD_VECTOR: gamma: 0.8792 -> 0.8750; food_reward: 3.6150 -> 2.8042; wall_proximity_penalty: 0.0572 -> 0.0485
2026-04-03T13:21:02.277269	7429	0d22a061	tweak	2	keep	1.0716	1.3	2.7	517	146	43	0.499	[tweak] S2/WALL_AVOID: survival: 0.2394 -> 0.2142
2026-04-03T13:21:05.505260	7430	71f3b64b	radical	1	keep	0.6139	1.3	2.1	517	146	43	0.499	[radical] S1/FOOD_VECTOR: max_steps: 508 -> 634; death_wall: -12.5598 -> -12.9084; food_reward: 2.8042 -> 2.2129; death_snake: -16.4544 -> -13.1803; food_shaping: 0.7446 -> 0.8568
2026-04-03T13:21:08.730540	7431	86e2dfd3	radical	2	keep	1.0716	1.3	2.7	517	146	43	0.499	[radical] S2/WALL_AVOID: max_steps: 666 -> 659; survival_escalation: 0.0028 -> 0.0031; survival: 0.2142 -> 0.1352; food_shaping: 0.0802 -> 0.1151; death_snake: -27.5464 -> -25.7646
2026-04-03T13:21:11.969457	7432	18477744	explore	4	keep	0.2972	1.3	1.7	517	146	43	0.499	[explore] S4/MASS_MANAGEMENT: death_snake: -46.1788 -> -37.5690; food_shaping: 0.1455 -> 0.0942; mass_loss_penalty: 3.3638 -> 2.8642
2026-04-03T13:21:15.236740	7433	cc9aaf6e	radical	5	keep	0.1219	1.3	1.5	517	146	43	0.499	[radical] S5/MASTERY_SURVIVAL: survival: 0.1724 -> 0.1366; gamma: 0.9771 -> 0.9641; enemy_alert_dist: 1795 -> 1804; starvation_grace_steps: 98 -> 138; wall_proximity_penalty: 0.2662 -> 0.3399
2026-04-03T13:21:18.460312	7434	2f28b6ed	explore	1	keep	0.6139	1.3	2.1	517	146	43	0.499	[explore] S1/FOOD_VECTOR: wall_proximity_penalty: 0.0485 -> 0.0621; death_wall: -12.9084 -> -13.9749; food_reward: 2.2129 -> 1.7672
2026-04-03T13:21:21.673054	7435	6208ff25	radical	3	keep	4.2756	1.3	6.9	517	146	43	0.499	[radical] S3/ENEMY_AVOID: starvation_penalty: 0.0056 -> 0.0022; boost_penalty: 0.1475 -> 0.0953; enemy_approach_penalty: 0.8701 -> 1.3674; death_snake: -49.6329 -> -55.1981; food_shaping: 0.0643 -> 0.0985
2026-04-03T13:21:24.915508	7436	79345d29	radical	3	keep	4.2756	1.3	6.9	517	146	43	0.499	[radical] S3/ENEMY_AVOID: gamma: 0.9039 -> 0.8646; max_steps: 1642 -> 1480; enemy_alert_dist: 1777 -> 2069; enemy_approach_penalty: 1.3674 -> 1.0022; starvation_penalty: 0.0022 -> 0.0008
2026-04-03T13:21:28.128830	7437	272f6159	tweak	1	keep	0.6139	1.3	2.1	517	146	43	0.499	[tweak] S1/FOOD_VECTOR: food_reward: 1.7672 -> 1.8237
2026-04-03T13:21:31.341601	7438	906fad80	tweak	4	keep	0.2972	1.3	1.7	517	146	43	0.499	[tweak] S4/MASS_MANAGEMENT: mass_loss_penalty: 2.8642 -> 3.0142
2026-04-03T13:21:34.550147	7439	d339c139	radical	3	keep	4.2756	1.3	6.9	517	146	43	0.499	[radical] S3/ENEMY_AVOID: death_wall: -25.3018 -> -16.1294; starvation_grace_steps: 61 -> 34; boost_penalty: 0.0953 -> 0.1194; enemy_alert_dist: 2069 -> 2367; death_snake: -55.1981 -> -71.0700
2026-04-03T13:22:38.100136	7441	af257a58	tweak	2	keep	1.0716	1.3	2.7	517	146	43	0.499	[tweak] S2/WALL_AVOID: wall_proximity_penalty: 2.0404 -> 1.6501
2026-04-03T13:22:41.311083	7442	9acbc5e8	radical	1	keep	0.6139	1.3	2.1	517	146	43	0.499	[radical] S1/FOOD_VECTOR: food_shaping: 0.8568 -> 1.0000; max_steps: 634 -> 660; survival: 0.0679 -> 0.0904; death_snake: -13.1803 -> -11.0376; wall_proximity_penalty: 0.0621 -> 0.0667
2026-04-03T13:22:44.535352	7443	18e8af1b	tweak	4	keep	0.2972	1.3	1.7	517	146	43	0.499	[tweak] S4/MASS_MANAGEMENT: starvation_penalty: 0.0895 -> 0.1016
2026-04-03T13:22:47.773589	7444	8bfdb9f5	radical	1	keep	0.6139	1.3	2.1	517	146	43	0.499	[radical] S1/FOOD_VECTOR: wall_proximity_penalty: 0.0667 -> 0.0743; gamma: 0.8750 -> 0.8721; death_wall: -13.9749 -> -16.5715; death_snake: -11.0376 -> -12.5959; max_steps: 660 -> 782
2026-04-03T13:22:50.976109	7445	85375a36	explore	2	keep	1.0716	1.3	2.7	517	146	43	0.499	[explore] S2/WALL_AVOID: survival: 0.1352 -> 0.1363; food_reward: 6.5809 -> 7.2780; food_shaping: 0.1151 -> 0.1453
2026-04-03T13:22:54.199500	7446	28e03ba5	explore	1	keep	0.6139	1.3	2.1	517	146	43	0.499	[explore] S1/FOOD_VECTOR: gamma: 0.8721 -> 0.8491; survival: 0.0904 -> 0.0899; wall_proximity_penalty: 0.0743 -> 0.0605
2026-04-03T13:22:57.424928	7447	51fcc39e	tweak	2	keep	1.0716	1.3	2.7	517	146	43	0.499	[tweak] S2/WALL_AVOID: starvation_grace_steps: 40 -> 37
2026-04-03T13:23:00.606336	7448	e228650e	tweak	1	keep	0.6139	1.3	2.1	517	146	43	0.499	[tweak] S1/FOOD_VECTOR: wall_proximity_penalty: 0.0605 -> 0.0713
2026-04-03T13:23:03.820873	7449	c5416a8f	radical	2	keep	1.0716	1.3	2.7	517	146	43	0.499	[radical] S2/WALL_AVOID: max_steps: 659 -> 529; gamma: 0.9128 -> 0.8800; survival: 0.1363 -> 0.1753; survival_escalation: 0.0031 -> 0.0046; starvation_penalty: 0.0018 -> 0.0013
2026-04-03T13:26:08.121111	7453	9366eac7	explore	3	keep	4.2756	1.3	6.9	517	146	43	0.499	[explore] S3/ENEMY_AVOID: death_wall: -16.1294 -> -14.0129; starvation_penalty: 0.0008 -> 0.0011; boost_penalty: 0.1194 -> 0.1040
2026-04-03T13:26:11.314925	7454	0a9e4dc1	tweak	2	keep	1.0716	1.3	2.7	517	146	43	0.499	[tweak] S2/WALL_AVOID: starvation_grace_steps: 37 -> 40
2026-04-03T13:26:14.490543	7455	216f1330	explore	3	keep	4.2756	1.3	6.9	517	146	43	0.499	[explore] S3/ENEMY_AVOID: food_reward: 3.0062 -> 3.2387; enemy_approach_penalty: 1.0022 -> 0.9606; starvation_penalty: 0.0011 -> 0.0015
2026-04-03T13:26:17.670543	7456	ce075b27	radical	1	keep	0.6139	1.3	2.1	517	146	43	0.499	[radical] S1/FOOD_VECTOR: death_snake: -12.5959 -> -16.6671; food_reward: 1.8237 -> 2.1341; wall_proximity_penalty: 0.0713 -> 0.0287; survival: 0.0899 -> 0.0927
2026-04-03T13:26:20.836413	7457	01147c1d	radical	2	keep	1.0716	1.3	2.7	517	146	43	0.499	[radical] S2/WALL_AVOID: survival_escalation: 0.0046 -> 0.0074; death_snake: -25.7646 -> -26.3137; gamma: 0.8800 -> 0.8510; death_wall: -33.9545 -> -28.0702; starvation_penalty: 0.0013 -> 0.0022
2026-04-03T13:26:23.993089	7458	fbbc2010	radical	2	keep	1.0716	1.3	2.7	517	146	43	0.499	[radical] S2/WALL_AVOID: wall_proximity_penalty: 1.6501 -> 2.4932; gamma: 0.8510 -> 0.8402; max_steps: 529 -> 461; food_shaping: 0.1453 -> 0.0718; death_wall: -28.0702 -> -34.4224
2026-04-03T13:26:27.185157	7459	542141d0	tweak	4	keep	0.2972	1.3	1.7	517	146	43	0.499	[tweak] S4/MASS_MANAGEMENT: death_wall: -28.8799 -> -28.9568
2026-04-03T13:27:30.727649	7461	c0d115d3	explore	4	keep	0.2972	1.3	1.7	517	146	43	0.499	[explore] S4/MASS_MANAGEMENT: mass_loss_penalty: 3.0142 -> 1.8492; starvation_penalty: 0.1016 -> 0.0782; death_snake: -37.5690 -> -40.5288
2026-04-03T13:27:33.889523	7462	9f69930a	radical	1	keep	0.6139	1.3	2.1	517	146	43	0.499	[radical] S1/FOOD_VECTOR: gamma: 0.8491 -> 0.8152; food_reward: 2.1341 -> 2.4464; wall_proximity_penalty: 0.0287 -> 0.0371; death_wall: -16.5715 -> -22.4242; death_snake: -16.6671 -> -16.7963
2026-04-03T13:27:37.068344	7463	1a0536a5	tweak	5	keep	0.1219	1.3	1.5	517	146	43	0.499	[tweak] S5/MASTERY_SURVIVAL: food_reward: 5.4004 -> 4.6001
2026-04-03T13:27:40.283916	7464	93bd94c6	explore	1	keep	0.6139	1.3	2.1	517	146	43	0.499	[explore] S1/FOOD_VECTOR: gamma: 0.8152 -> 0.8345; death_wall: -22.4242 -> -22.0904
2026-04-03T13:28:43.841971	7466	1b5e1e8f	explore	1	keep	0.6139	1.3	2.1	517	146	43	0.499	[explore] S1/FOOD_VECTOR: food_shaping: 1.0000 -> 0.6978; death_wall: -22.0904 -> -20.3663; wall_proximity_penalty: 0.0371 -> 0.0514
2026-04-03T13:28:47.014339	7467	175b0e8e	radical	3	keep	4.2756	1.3	6.9	517	146	43	0.499	[radical] S3/ENEMY_AVOID: starvation_penalty: 0.0015 -> 0.0006; survival: 0.2310 -> 0.2998; enemy_approach_penalty: 0.9606 -> 0.5168; max_steps: 1480 -> 1242; death_wall: -14.0129 -> -12.0316
2026-04-03T13:28:50.213062	7468	7ed83928	tweak	5	keep	0.1219	1.3	1.5	517	146	43	0.499	[tweak] S5/MASTERY_SURVIVAL: enemy_alert_dist: 1804 -> 1678
2026-04-03T13:28:53.376685	7469	a0fbdbe5	radical	2	keep	1.0716	1.3	2.7	517	146	43	0.499	[radical] S2/WALL_AVOID: starvation_grace_steps: 40 -> 33; survival_escalation: 0.0074 -> 0.0100; survival: 0.1753 -> 0.2155; food_shaping: 0.0718 -> 0.0507; starvation_penalty: 0.0022 -> 0.0036
2026-04-03T13:28:56.543674	7470	a06f671b	radical	1	keep	0.6139	1.3	2.1	517	146	43	0.499	[radical] S1/FOOD_VECTOR: food_reward: 2.4464 -> 1.5282; food_shaping: 0.6978 -> 0.6706; max_steps: 782 -> 652; survival: 0.0927 -> 0.0673; death_snake: -16.7963 -> -12.3910
2026-04-03T13:28:59.721951	7471	33f55f61	radical	1	keep	0.6139	1.3	2.1	517	146	43	0.499	[radical] S1/FOOD_VECTOR: food_shaping: 0.6706 -> 0.4921; wall_proximity_penalty: 0.0514 -> 0.0277; death_snake: -12.3910 -> -15.3781; food_reward: 1.5282 -> 1.2924; death_wall: -20.3663 -> -18.1130
2026-04-03T13:30:03.241710	7473	7e0df8b1	tweak	4	keep	0.2972	1.3	1.7	517	146	43	0.499	[tweak] S4/MASS_MANAGEMENT: food_reward: 7.5006 -> 7.5900
2026-04-03T13:30:06.436666	7474	fa7573ba	explore	2	keep	1.0716	1.3	2.7	517	146	43	0.499	[explore] S2/WALL_AVOID: survival: 0.2155 -> 0.2642; starvation_penalty: 0.0036 -> 0.0047
2026-04-03T13:30:09.610434	7475	3bc53bbf	explore	4	keep	0.2972	1.3	1.7	517	146	43	0.499	[explore] S4/MASS_MANAGEMENT: boost_penalty: 4.6212 -> 2.9363; survival: 0.1184 -> 0.0834; max_steps: 2000 -> 2240
2026-04-03T13:30:12.794407	7476	6671a3bc	radical	2	keep	1.0716	1.3	2.7	517	146	43	0.499	[radical] S2/WALL_AVOID: food_shaping: 0.0507 -> 0.0618; death_snake: -26.3137 -> -19.8106; wall_proximity_penalty: 2.4932 -> 2.2755; gamma: 0.8402 -> 0.8088
2026-04-03T13:32:16.713586	7479	8571a731	radical	1	keep	0.6139	1.3	2.1	517	146	43	0.499	[radical] S1/FOOD_VECTOR: survival: 0.0673 -> 0.0951; wall_proximity_penalty: 0.0277 -> 0.0343; death_wall: -18.1130 -> -14.5215; death_snake: -15.3781 -> -10.7835; gamma: 0.8345 -> 0.8534
2026-04-03T13:33:20.242633	7481	b72846cd	tweak	3	keep	4.2756	1.3	6.9	517	146	43	0.499	[tweak] S3/ENEMY_AVOID: death_snake: -71.0700 -> -63.0341
2026-04-03T13:33:23.422348	7482	b2e99dd0	radical	2	keep	1.0716	1.3	2.7	517	146	43	0.499	[radical] S2/WALL_AVOID: death_snake: -19.8106 -> -26.9190; wall_proximity_penalty: 2.2755 -> 1.6363; death_wall: -34.4224 -> -47.0173; food_reward: 7.2780 -> 7.8002; survival: 0.2642 -> 0.3359
2026-04-03T13:34:26.984088	7484	f7e51f0e	explore	4	keep	0.2972	1.3	1.7	517	146	43	0.499	[explore] S4/MASS_MANAGEMENT: food_reward: 7.5900 -> 8.7888; boost_penalty: 2.9363 -> 3.0054; starvation_penalty: 0.0782 -> 0.1094
2026-04-03T13:34:30.162374	7485	76cac43a	tweak	3	keep	4.2756	1.3	6.9	517	146	43	0.499	[tweak] S3/ENEMY_AVOID: boost_penalty: 0.1040 -> 0.1057
2026-04-03T13:34:33.336401	7486	4861bb97	radical	2	keep	1.0716	1.3	2.7	517	146	43	0.499	[radical] S2/WALL_AVOID: food_shaping: 0.0618 -> 0.0716; max_steps: 461 -> 411; food_reward: 7.8002 -> 7.5785; wall_proximity_penalty: 1.6363 -> 0.7752
2026-04-03T13:34:36.522574	7487	585cc9af	tweak	2	keep	1.0716	1.3	2.7	517	146	43	0.499	[tweak] S2/WALL_AVOID: death_wall: -47.0173 -> -43.6247
2026-04-03T13:34:39.691604	7488	5a78ff43	radical	3	keep	4.2756	1.3	6.9	517	146	43	0.499	[radical] S3/ENEMY_AVOID: boost_penalty: 0.1057 -> 0.1144; gamma: 0.8646 -> 0.8684; death_snake: -63.0341 -> -76.9905; food_reward: 3.2387 -> 4.5370; enemy_approach_penalty: 0.5168 -> 0.6828
2026-04-03T13:34:42.889344	7489	6c04851e	radical	1	keep	0.6139	1.3	2.1	517	146	43	0.499	[radical] S1/FOOD_VECTOR: death_wall: -14.5215 -> -13.1553; max_steps: 652 -> 474; death_snake: -10.7835 -> -12.1339; wall_proximity_penalty: 0.0343 -> 0.0155; survival: 0.0951 -> 0.1174
2026-04-03T13:34:46.076797	7490	4706efbb	radical	1	keep	0.6139	1.3	2.1	517	146	43	0.499	[radical] S1/FOOD_VECTOR: wall_proximity_penalty: 0.0155 -> 0.0224; survival: 0.1174 -> 0.0988; food_reward: 1.2924 -> 1.8068; death_snake: -12.1339 -> -16.4392; gamma: 0.8534 -> 0.8895
2026-04-03T13:34:49.303873	7491	1c0bfd5b	radical	1	keep	0.6139	1.3	2.1	517	146	43	0.499	[radical] S1/FOOD_VECTOR: survival: 0.0988 -> 0.1048; gamma: 0.8895 -> 0.9059; death_snake: -16.4392 -> -13.2163; food_reward: 1.8068 -> 1.0149; death_wall: -13.1553 -> -10.7592
2026-04-03T13:35:52.895767	7493	e4addb03	explore	4	keep	0.2972	1.3	1.7	517	146	43	0.499	[explore] S4/MASS_MANAGEMENT: death_snake: -40.5288 -> -49.5166; boost_penalty: 3.0054 -> 3.3043; enemy_approach_penalty: 0.1336 -> 0.1435
2026-04-03T13:36:56.464533	7495	0383fa67	tweak	3	keep	4.2756	1.3	6.9	517	146	43	0.499	[tweak] S3/ENEMY_AVOID: enemy_approach_penalty: 0.6828 -> 0.6474
2026-04-03T13:36:59.680554	7496	6e98d83e	radical	3	keep	4.2756	1.3	6.9	517	146	43	0.499	[radical] S3/ENEMY_AVOID: starvation_penalty: 0.0006 -> 0.0010; survival: 0.2998 -> 0.2970; enemy_approach_penalty: 0.6474 -> 0.6948; gamma: 0.8684 -> 0.9039; max_steps: 1242 -> 950
2026-04-03T13:37:02.916859	7497	c1a93b50	explore	1	keep	0.6139	1.3	2.1	517	146	43	0.499	[explore] S1/FOOD_VECTOR: food_reward: 1.0149 -> 1.1934; death_snake: -13.2163 -> -10.0699; survival: 0.1048 -> 0.0881
2026-04-03T13:37:06.126365	7498	aa49dadd	explore	2	keep	1.0716	1.3	2.7	517	146	43	0.499	[explore] S2/WALL_AVOID: survival_escalation: 0.0100 -> 0.0063; death_wall: -43.6247 -> -48.7104; food_shaping: 0.0716 -> 0.0769
2026-04-03T13:37:09.343174	7499	58e60aeb	radical	5	keep	0.1219	1.3	1.5	517	146	43	0.499	[radical] S5/MASTERY_SURVIVAL: enemy_approach_penalty: 0.2622 -> 0.1258; enemy_alert_dist: 1678 -> 2206; mass_loss_penalty: 2.5222 -> 1.8905; wall_proximity_penalty: 0.3399 -> 0.5172; survival: 0.1366 -> 0.0794
2026-04-03T13:37:12.573248	7500	64c2b6eb	explore	3	keep	4.2756	1.3	6.9	517	146	43	0.499	[explore] S3/ENEMY_AVOID: food_shaping: 0.0985 -> 0.1021; survival: 0.2970 -> 0.2457; enemy_proximity_penalty: 0.9430 -> 0.9892
2026-04-03T13:37:15.801491	7501	f6ef997f	explore	3	keep	4.2756	1.3	6.9	517	146	43	0.499	[explore] S3/ENEMY_AVOID: starvation_penalty: 0.0010 -> 0.0012; survival: 0.2457 -> 0.2659; starvation_grace_steps: 34 -> 39
2026-04-03T13:37:19.015211	7502	32b2fd65	tweak	2	keep	1.0716	1.3	2.7	517	146	43	0.499	[tweak] S2/WALL_AVOID: max_steps: 411 -> 409
2026-04-03T13:37:22.253096	7503	ed8740b6	explore	1	keep	0.6139	1.3	2.1	517	146	43	0.499	[explore] S1/FOOD_VECTOR: wall_proximity_penalty: 0.0224 -> 0.0233; food_shaping: 0.4921 -> 0.4596; food_reward: 1.1934 -> 1.2136
2026-04-03T13:37:25.504759	7504	65e338d9	explore	5	keep	0.1219	1.3	1.5	517	146	43	0.499	[explore] S5/MASTERY_SURVIVAL: enemy_zone_control_reward: 0.0636 -> 0.0550; death_snake: -27.9023 -> -23.3698; enemy_alert_dist: 2206 -> 1992
2026-04-03T13:37:28.729342	7505	337e19c0	tweak	5	keep	0.1219	1.3	1.5	517	146	43	0.499	[tweak] S5/MASTERY_SURVIVAL: boost_penalty: 5.2071 -> 5.8854
2026-04-03T13:37:31.951193	7506	cb6b3428	radical	5	keep	0.1219	1.3	1.5	517	146	43	0.499	[radical] S5/MASTERY_SURVIVAL: kill_opportunity_reward: 6.0313 -> 7.8312; gamma: 0.9641 -> 0.9918; enemy_proximity_penalty: 1.0977 -> 1.6428; death_wall: -39.0890 -> -38.6678; survival_escalation: 0.0012 -> 0.0019
2026-04-03T13:38:35.530432	7508	bca6a511	tweak	5	keep	0.1219	1.3	1.5	517	146	43	0.499	[tweak] S5/MASTERY_SURVIVAL: enemy_alert_dist: 1992 -> 1864
2026-04-03T13:38:38.754317	7509	3bfa7205	tweak	3	keep	4.2756	1.3	6.9	517	146	43	0.499	[tweak] S3/ENEMY_AVOID: food_shaping: 0.1021 -> 0.0900
2026-04-03T13:38:41.965130	7510	1921144c	explore	3	keep	4.2756	1.3	6.9	517	146	43	0.499	[explore] S3/ENEMY_AVOID: enemy_proximity_penalty: 0.9892 -> 1.2839; death_snake: -76.9905 -> -61.8647; survival: 0.2659 -> 0.3060
2026-04-03T13:39:45.560104	7512	fce32ec5	radical	1	keep	0.6139	1.3	2.1	517	146	43	0.499	[radical] S1/FOOD_VECTOR: max_steps: 474 -> 494; death_snake: -10.0699 -> -11.2059; food_reward: 1.2136 -> 1.2748; death_wall: -10.7592 -> -12.6553; survival: 0.0881 -> 0.0965
2026-04-03T13:39:48.801563	7513	1ea82e7f	tweak	4	keep	0.2972	1.3	1.7	517	146	43	0.499	[tweak] S4/MASS_MANAGEMENT: food_reward: 8.7888 -> 9.4423
2026-04-03T13:39:52.024501	7514	8cd7b102	radical	1	keep	0.6139	1.3	2.1	517	146	43	0.499	[radical] S1/FOOD_VECTOR: death_snake: -11.2059 -> -11.2131; wall_proximity_penalty: 0.0233 -> 0.0324; food_shaping: 0.4596 -> 0.7171; death_wall: -12.6553 -> -15.9857; max_steps: 494 -> 560
2026-04-03T13:40:55.591441	7516	a9e8be5c	tweak	2	keep	1.0716	1.3	2.7	517	146	43	0.499	[tweak] S2/WALL_AVOID: death_wall: -48.7104 -> -50.1516
2026-04-03T13:40:58.783455	7517	657b6a6e	radical	5	keep	0.1219	1.3	1.5	517	146	43	0.499	[radical] S5/MASTERY_SURVIVAL: contest_food_reward: 2.2233 -> 2.8192; enemy_approach_penalty: 0.1258 -> 0.1420; length_bonus: 0.0150 -> 0.0077; max_steps: 3245 -> 4035; enemy_alert_dist: 1864 -> 1924
2026-04-03T13:41:01.967790	7518	0d43f3eb	tweak	1	keep	0.6139	1.3	2.1	517	146	43	0.499	[tweak] S1/FOOD_VECTOR: gamma: 0.9059 -> 0.9176
2026-04-03T13:41:05.154255	7519	b08cb305	tweak	1	keep	0.6139	1.3	2.1	517	146	43	0.499	[tweak] S1/FOOD_VECTOR: max_steps: 560 -> 537
2026-04-03T13:41:08.349195	7520	02cfe90e	radical	2	keep	1.0716	1.3	2.7	517	146	43	0.499	[radical] S2/WALL_AVOID: survival: 0.3359 -> 0.2356; gamma: 0.8088 -> 0.8000; wall_proximity_penalty: 0.7752 -> 0.5157; starvation_grace_steps: 33 -> 38; food_reward: 7.5785 -> 4.4131
2026-04-03T13:42:11.898470	7522	1907bda4	tweak	3	keep	4.2756	1.3	6.9	517	146	43	0.499	[tweak] S3/ENEMY_AVOID: starvation_grace_steps: 39 -> 42
2026-04-03T13:42:15.086235	7523	27c187cf	radical	2	keep	1.0716	1.3	2.7	517	146	43	0.499	[radical] S2/WALL_AVOID: food_shaping: 0.0769 -> 0.0833; starvation_penalty: 0.0047 -> 0.0057; death_wall: -50.1516 -> -38.9668; survival: 0.2356 -> 0.2677
2026-04-03T13:42:18.264117	7524	28c17815	tweak	2	keep	1.0716	1.3	2.7	517	146	43	0.499	[tweak] S2/WALL_AVOID: survival: 0.2677 -> 0.2631
2026-04-03T13:42:21.480631	7525	13765c61	radical	1	keep	0.6139	1.3	2.1	517	146	43	0.499	[radical] S1/FOOD_VECTOR: gamma: 0.9176 -> 0.9115; food_reward: 1.2748 -> 1.0000; max_steps: 537 -> 653; survival: 0.0965 -> 0.0550; wall_proximity_penalty: 0.0324 -> 0.0287
2026-04-03T13:42:24.644537	7526	8895a5fe	explore	1	keep	0.6139	1.3	2.1	517	146	43	0.499	[explore] S1/FOOD_VECTOR: gamma: 0.9115 -> 0.8870; max_steps: 653 -> 680; death_snake: -11.2131 -> -9.7151
2026-04-03T13:42:27.834801	7527	a8ca9e07	explore	5	keep	0.1219	1.3	1.5	517	146	43	0.499	[explore] S5/MASTERY_SURVIVAL: wall_proximity_penalty: 0.5172 -> 0.3813; boost_penalty: 5.8854 -> 6.0475; death_wall: -38.6678 -> -31.9403
2026-04-03T13:42:31.010926	7528	e983d971	explore	3	keep	4.2756	1.3	6.9	517	146	43	0.499	[explore] S3/ENEMY_AVOID: survival: 0.3060 -> 0.3090; max_steps: 950 -> 1000; starvation_penalty: 0.0012 -> 0.0011
2026-04-03T13:42:34.183835	7529	dcd4dbcd	explore	5	keep	0.1219	1.3	1.5	517	146	43	0.499	[explore] S5/MASTERY_SURVIVAL: enemy_approach_penalty: 0.1420 -> 0.1043; starvation_penalty: 0.0159 -> 0.0116; length_bonus: 0.0077 -> 0.0061
2026-04-03T13:42:37.350780	7530	5cdb10ec	explore	5	keep	0.1219	1.3	1.5	517	146	43	0.499	[explore] S5/MASTERY_SURVIVAL: survival_escalation: 0.0019 -> 0.0019; enemy_zone_control_reward: 0.0550 -> 0.0659; death_wall: -31.9403 -> -36.7014
2026-04-03T13:45:04.974159	7533	5c262953	tweak	4	keep	0.2972	1.3	1.7	517	146	43	0.499	[tweak] S4/MASS_MANAGEMENT: starvation_grace_steps: 21 -> 23
2026-04-03T13:45:13.287185	7534	12ddfb8c	radical	3	keep	4.2756	1.3	6.9	517	146	43	0.499	[radical] S3/ENEMY_AVOID: death_snake: -61.8647 -> -44.2153; death_wall: -12.0316 -> -7.6607; enemy_proximity_penalty: 1.2839 -> 2.0444; food_reward: 4.5370 -> 3.7630; boost_penalty: 0.1144 -> 0.1211
2026-04-03T13:45:21.568347	7535	f783f65e	tweak	2	keep	1.0716	1.3	2.7	517	146	43	0.499	[tweak] S2/WALL_AVOID: wall_proximity_penalty: 0.5157 -> 0.4855
2026-04-03T13:45:29.959699	7536	536a31bb	tweak	2	keep	1.0716	1.3	2.7	517	146	43	0.499	[tweak] S2/WALL_AVOID: death_snake: -26.9190 -> -26.8075
2026-04-03T13:45:38.944668	7537	bcc76d26	tweak	1	keep	0.6139	1.3	2.1	517	146	43	0.499	[tweak] S1/FOOD_VECTOR: death_wall: -12.9250 -> -13.9503
2026-04-03T13:45:48.236161	7538	7fe34e14	tweak	5	keep	0.1219	1.3	1.5	517	146	43	0.499	[tweak] S5/MASTERY_SURVIVAL: enemy_proximity_penalty: 1.6428 -> 1.4243
2026-04-03T13:45:57.509948	7539	aa818064	radical	2	keep	1.0716	1.3	2.7	517	146	43	0.499	[radical] S2/WALL_AVOID: starvation_grace_steps: 38 -> 31; survival_escalation: 0.0063 -> 0.0066; max_steps: 409 -> 323; food_reward: 4.4131 -> 2.5461; death_snake: -26.8075 -> -18.8670
2026-04-03T13:46:07.391725	7540	1e049830	radical	1	keep	0.6139	1.3	2.1	517	146	43	0.499	[radical] S1/FOOD_VECTOR: food_shaping: 0.7171 -> 0.5719; survival: 0.0550 -> 0.0349; gamma: 0.8622 -> 0.8421; wall_proximity_penalty: 0.0287 -> 0.0324; death_snake: -9.7151 -> -11.5076
2026-04-03T13:46:16.973875	7541	36493bfc	tweak	2	keep	1.0716	1.3	2.7	517	146	43	0.499	[tweak] S2/WALL_AVOID: wall_proximity_penalty: 0.4855 -> 0.4069
2026-04-03T13:46:26.651216	7542	fa9694cd	radical	3	keep	4.2756	1.3	6.9	517	146	43	0.499	[radical] S3/ENEMY_AVOID: food_reward: 3.7630 -> 4.5647; enemy_proximity_penalty: 2.0444 -> 1.7526; boost_penalty: 0.1211 -> 0.0756; death_wall: -7.6607 -> -5.6958; max_steps: 1000 -> 832
2026-04-03T13:47:35.439814	7544	2529ccb7	radical	5	keep	0.1219	1.3	1.5	517	146	43	0.499	[radical] S5/MASTERY_SURVIVAL: death_wall: -36.7014 -> -27.6908; enemy_alert_dist: 1924 -> 1471; death_snake: -23.3698 -> -31.6877; food_reward: 4.6001 -> 3.8784; gamma: 0.9918 -> 0.9950
2026-04-03T13:47:43.888646	7545	40b7c8a6	explore	2	keep	1.0716	1.3	2.7	517	146	43	0.499	[explore] S2/WALL_AVOID: wall_proximity_penalty: 0.4069 -> 0.2468; food_reward: 2.5461 -> 2.3662; survival_escalation: 0.0066 -> 0.0074
2026-04-03T13:48:52.599881	7547	8feef698	explore	4	keep	0.2972	1.3	1.7	517	146	43	0.499	[explore] S4/MASS_MANAGEMENT: death_wall: -28.9568 -> -33.4481; food_shaping: 0.0942 -> 0.0567; death_snake: -49.5166 -> -59.8643
2026-04-03T13:49:01.017592	7548	0fa93f0d	explore	3	keep	4.2756	1.3	6.9	517	146	43	0.499	[explore] S3/ENEMY_AVOID: survival: 0.3090 -> 0.3847; food_reward: 4.5647 -> 3.7535; max_steps: 832 -> 842
2026-04-03T13:49:09.426737	7549	d899b7b3	explore	3	keep	4.2756	1.3	6.9	517	146	43	0.499	[explore] S3/ENEMY_AVOID: death_wall: -5.6958 -> -5.0000; enemy_proximity_penalty: 1.7526 -> 1.2639; survival: 0.3847 -> 0.3055
2026-04-03T13:49:17.803581	7550	d0ab58f4	radical	4	keep	0.2972	1.3	1.7	517	146	43	0.499	[radical] S4/MASS_MANAGEMENT: food_shaping: 0.0567 -> 0.0570; gamma: 0.9581 -> 0.9203; wall_proximity_penalty: 0.2953 -> 0.2297; max_steps: 2240 -> 2651; death_snake: -59.8643 -> -71.1186
2026-04-03T13:49:26.204366	7551	beb14793	radical	4	keep	0.2972	1.3	1.7	517	146	43	0.499	[radical] S4/MASS_MANAGEMENT: death_snake: -71.1186 -> -63.3446; mass_loss_penalty: 1.8492 -> 1.7528; max_steps: 2651 -> 2526; survival_escalation: 0.0042 -> 0.0055; enemy_alert_dist: 2679 -> 3225
2026-04-03T13:49:34.570185	7552	b0793d15	explore	1	keep	0.6139	1.3	2.1	517	146	43	0.499	[explore] S1/FOOD_VECTOR: gamma: 0.8421 -> 0.8545; food_reward: 1.0000 -> 1.0717; death_snake: -11.5076 -> -12.5361
2026-04-03T13:49:42.950498	7553	194bc3c4	explore	1	keep	0.6139	1.3	2.1	517	146	43	0.499	[explore] S1/FOOD_VECTOR: food_reward: 1.0717 -> 1.0141; gamma: 0.8545 -> 0.8458; wall_proximity_penalty: 0.0324 -> 0.0239
2026-04-03T13:49:51.305426	7554	8dbe8e70	explore	1	keep	0.6139	1.3	2.1	517	146	43	0.499	[explore] S1/FOOD_VECTOR: death_wall: -13.9503 -> -14.7827; wall_proximity_penalty: 0.0239 -> 0.0331; gamma: 0.8458 -> 0.8467
2026-04-03T13:49:59.684660	7555	d6e61b44	tweak	2	keep	1.0716	1.3	2.7	517	146	43	0.499	[tweak] S2/WALL_AVOID: survival_escalation: 0.0074 -> 0.0073
2026-04-03T13:50:08.049126	7556	ef2551e4	radical	1	keep	0.6139	1.3	2.1	517	146	43	0.499	[radical] S1/FOOD_VECTOR: death_snake: -12.5361 -> -8.3467; wall_proximity_penalty: 0.0331 -> 0.0262; food_reward: 1.0141 -> 1.0000; max_steps: 560 -> 607; gamma: 0.8467 -> 0.8265
2026-04-03T13:50:16.423372	7557	e7ac1b55	explore	3	keep	4.2756	1.3	6.9	517	146	43	0.499	[explore] S3/ENEMY_AVOID: death_wall: -5 -> -6.204458900241613; enemy_approach_penalty: 0.6948 -> 0.8866; starvation_grace_steps: 42 -> 38
2026-04-03T13:51:25.128101	7559	43ce981f	radical	2	keep	1.0716	1.3	2.7	517	146	43	0.499	[radical] S2/WALL_AVOID: max_steps: 323 -> 287; death_snake: -18.8670 -> -14.4269; starvation_penalty: 0.0057 -> 0.0092; survival_escalation: 0.0073 -> 0.0100; food_shaping: 0.0833 -> 0.0723
2026-04-03T13:51:33.471208	7560	65c22c89	explore	1	keep	0.6139	1.3	2.1	517	146	43	0.499	[explore] S1/FOOD_VECTOR: death_snake: -8.3467 -> -8.0149; gamma: 0.8265 -> 0.8243; survival: 0.0349 -> 0.0346
2026-04-03T13:51:41.833758	7561	5ef8766f	explore	1	keep	0.6139	1.3	2.1	517	146	43	0.499	[explore] S1/FOOD_VECTOR: survival: 0.0346 -> 0.0404; wall_proximity_penalty: 0.0262 -> 0.0358; gamma: 0.8243 -> 0.8038
2026-04-03T13:51:50.222321	7562	36d0fe60	tweak	5	keep	0.1219	1.3	1.5	517	146	43	0.499	[tweak] S5/MASTERY_SURVIVAL: enemy_approach_penalty: 0.1043 -> 0.1034
2026-04-03T13:51:58.623572	7563	30dbf294	radical	5	keep	0.1219	1.3	1.5	517	146	43	0.499	[radical] S5/MASTERY_SURVIVAL: kill_opportunity_reward: 7.8312 -> 10.5263; death_wall: -27.6908 -> -23.6640; contest_food_reward: 2.8192 -> 0.9186; enemy_proximity_penalty: 1.4243 -> 1.7712; enemy_alert_dist: 1471 -> 1329
2026-04-03T13:54:07.630651	7566	02215ff4	tweak	1	keep	0.6139	1.3	2.1	517	146	43	0.499	[tweak] S1/FOOD_VECTOR: death_wall: -14.7827 -> -12.9976
2026-04-03T13:54:15.962558	7567	11d35656	explore	3	keep	4.2756	1.3	6.9	517	146	43	0.499	[explore] S3/ENEMY_AVOID: starvation_penalty: 0.0011 -> 0.0014; starvation_grace_steps: 38 -> 48; death_wall: -6.2045 -> -5.2937
2026-04-03T13:54:24.290236	7568	a0f980ce	explore	3	keep	4.2756	1.3	6.9	517	146	43	0.499	[explore] S3/ENEMY_AVOID: gamma: 0.9039 -> 0.9291; death_snake: -44.2153 -> -42.1862; enemy_proximity_penalty: 1.2639 -> 1.1236
2026-04-04T02:25:32.907772	7570	84af41ed	radical	1	keep	0.4422	1.3	1.9	425	122	39	0.408	[radical] S1/FOOD_VECTOR: wall_proximity_penalty: 0.0358 -> 0.0376; survival: 0.0404 -> 0.0458; death_snake: -8.0149 -> -10.9736; max_steps: 607 -> 427
2026-04-04T22:12:16.891028	7571	745c29fa	tweak	5	discard	-0.0338	1.3	1.3	426	122	39	0.408	[tweak] S5/MASTERY_SURVIVAL: food_reward: 3.8784 -> 4.2136
2026-04-04T23:06:39.937772	7572	381aa5a9	radical	5	discard	-0.0387	1.3	1.2	427	122	39	0.416	[radical] S5/MASTERY_SURVIVAL: food_shaping: 0.0927 -> 0.1276; wall_proximity_penalty: 0.3813 -> 0.5390; gamma: 0.9950 -> 0.9764; death_snake: -31.6877 -> -41.6929; enemy_approach_penalty: 0.1034 -> 0.0766
2026-04-05T11:36:46.877864	7573	fee12927	tweak	2	keep	0.5501	1.3	2.0	361	106	40	0.385	[tweak] S2/WALL_AVOID: gamma: 0.8000 -> 0.8093
2026-04-06T00:06:53.347548	7574	7923f655	tweak	1	keep	0.1120	1.3	1.4	369	106	38	0.419	[tweak] S1/FOOD_VECTOR: max_steps: 427 -> 389
